2025-11-14 00:00:11 [DiscoveryClient-HeartbeatExecutor-%d] DEBUG o.s.web.client.RestTemplate - Response 404 NOT_FOUND
2025-11-14 00:00:13 [DiscoveryClient-HeartbeatExecutor-%d] INFO  c.netflix.discovery.DiscoveryClient - DiscoveryClient_APIREST-SERVICES/apirest-services:8083 - Re-registering apps/APIREST-SERVICES
2025-11-14 00:00:13 [DiscoveryClient-HeartbeatExecutor-%d] INFO  c.netflix.discovery.DiscoveryClient - DiscoveryClient_APIREST-SERVICES/apirest-services:8083: registering service...
2025-11-14 00:00:14 [DiscoveryClient-HeartbeatExecutor-%d] DEBUG o.s.web.client.RestTemplate - HTTP POST http://localhost:8761/eureka/apps/APIREST-SERVICES
2025-11-14 00:00:14 [DiscoveryClient-HeartbeatExecutor-%d] DEBUG o.s.web.client.RestTemplate - Accept=[application/json, application/yaml, application/*+json]
2025-11-14 00:00:12 [DiscoveryClient-%d] WARN  c.n.discovery.TimedSupervisorTask - task supervisor timed out
java.util.concurrent.TimeoutException: null
	at java.base/java.util.concurrent.FutureTask.get(FutureTask.java:204)
	at com.netflix.discovery.TimedSupervisorTask.run(TimedSupervisorTask.java:65)
	at java.base/java.util.concurrent.Executors$RunnableAdapter.call(Executors.java:572)
	at java.base/java.util.concurrent.FutureTask.run(FutureTask.java:317)
	at java.base/java.util.concurrent.ScheduledThreadPoolExecutor$ScheduledFutureTask.run(ScheduledThreadPoolExecutor.java:304)
	at java.base/java.util.concurrent.ThreadPoolExecutor.runWorker(ThreadPoolExecutor.java:1144)
	at java.base/java.util.concurrent.ThreadPoolExecutor$Worker.run(ThreadPoolExecutor.java:642)
	at java.base/java.lang.Thread.run(Thread.java:1583)
2025-11-14 00:00:15 [DiscoveryClient-HeartbeatExecutor-%d] DEBUG o.s.web.client.RestTemplate - Writing [InstanceInfo [instanceId = apirest-services:8083, appName = APIREST-SERVICES, hostName = 127.0.0.1, status = UP, ipAddr = 127.0.0.1, port = 8083, securePort = 443, dataCenterInfo = com.netflix.appinfo.MyDataCenterInfo@106d969e] as "application/json"
2025-11-14 00:00:16 [DiscoveryClient-HeartbeatExecutor-%d] INFO  c.n.d.s.t.d.RedirectingEurekaHttpClient - Request execution error. endpoint=DefaultEndpoint{ serviceUrl='http://localhost:8761/eureka/} exception=null stacktrace=java.util.concurrent.CancellationException
	at org.apache.hc.core5.concurrent.BasicFuture.getResult(BasicFuture.java:87)
	at org.apache.hc.core5.concurrent.BasicFuture.get(BasicFuture.java:115)
	at org.apache.hc.core5.pool.StrictConnPool$1.get(StrictConnPool.java:183)
	at org.apache.hc.core5.pool.StrictConnPool$1.get(StrictConnPool.java:177)
	at org.apache.hc.client5.http.impl.io.PoolingHttpClientConnectionManager$3.get(PoolingHttpClientConnectionManager.java:344)
	at org.apache.hc.client5.http.impl.classic.InternalExecRuntime.acquireEndpoint(InternalExecRuntime.java:111)
	at org.apache.hc.client5.http.impl.classic.ConnectExec.execute(ConnectExec.java:127)
	at org.apache.hc.client5.http.impl.classic.ExecChainElement.execute(ExecChainElement.java:51)
	at org.apache.hc.client5.http.impl.classic.ProtocolExec.execute(ProtocolExec.java:195)
	at org.apache.hc.client5.http.impl.classic.ExecChainElement.execute(ExecChainElement.java:51)
	at org.apache.hc.client5.http.impl.classic.ContentCompressionExec.execute(ContentCompressionExec.java:150)
	at org.apache.hc.client5.http.impl.classic.ExecChainElement.execute(ExecChainElement.java:51)
	at org.apache.hc.client5.http.impl.classic.HttpRequestRetryExec.execute(HttpRequestRetryExec.java:113)
	at org.apache.hc.client5.http.impl.classic.ExecChainElement.execute(ExecChainElement.java:51)
	at org.apache.hc.client5.http.impl.classic.RedirectExec.execute(RedirectExec.java:110)
	at org.apache.hc.client5.http.impl.classic.ExecChainElement.execute(ExecChainElement.java:51)
	at org.apache.hc.client5.http.impl.classic.InternalHttpClient.doExecute(InternalHttpClient.java:185)
	at org.apache.hc.client5.http.impl.classic.CloseableHttpClient.execute(CloseableHttpClient.java:87)
	at org.apache.hc.client5.http.impl.classic.CloseableHttpClient.execute(CloseableHttpClient.java:55)
	at org.apache.hc.client5.http.classic.HttpClient.executeOpen(HttpClient.java:183)
	at org.springframework.http.client.HttpComponentsClientHttpRequest.executeInternal(HttpComponentsClientHttpRequest.java:99)
	at org.springframework.http.client.AbstractStreamingClientHttpRequest.executeInternal(AbstractStreamingClientHttpRequest.java:71)
	at org.springframework.http.client.AbstractClientHttpRequest.execute(AbstractClientHttpRequest.java:81)
	at org.springframework.http.client.InterceptingClientHttpRequest$InterceptingRequestExecution.execute(InterceptingClientHttpRequest.java:117)
	at org.springframework.cloud.netflix.eureka.http.RestTemplateTransportClientFactory.lambda$restTemplate$2(RestTemplateTransportClientFactory.java:145)
	at org.springframework.http.client.InterceptingClientHttpRequest$InterceptingRequestExecution.execute(InterceptingClientHttpRequest.java:88)
	at org.springframework.http.client.InterceptingClientHttpRequest.executeInternal(InterceptingClientHttpRequest.java:72)
	at org.springframework.http.client.AbstractBufferingClientHttpRequest.executeInternal(AbstractBufferingClientHttpRequest.java:48)
	at org.springframework.http.client.AbstractClientHttpRequest.execute(AbstractClientHttpRequest.java:81)
	at org.springframework.web.client.RestTemplate.doExecute(RestTemplate.java:900)
	at org.springframework.web.client.RestTemplate.execute(RestTemplate.java:841)
	at org.springframework.web.client.RestTemplate.exchange(RestTemplate.java:702)
	at org.springframework.cloud.netflix.eureka.http.RestTemplateEurekaHttpClient.register(RestTemplateEurekaHttpClient.java:87)
	at com.netflix.discovery.shared.transport.decorator.EurekaHttpClientDecorator$1.execute(EurekaHttpClientDecorator.java:59)
	at com.netflix.discovery.shared.transport.decorator.RedirectingEurekaHttpClient.execute(RedirectingEurekaHttpClient.java:91)
	at com.netflix.discovery.shared.transport.decorator.EurekaHttpClientDecorator.register(EurekaHttpClientDecorator.java:56)
	at com.netflix.discovery.shared.transport.decorator.EurekaHttpClientDecorator$1.execute(EurekaHttpClientDecorator.java:59)
	at com.netflix.discovery.shared.transport.decorator.RetryableEurekaHttpClient.execute(RetryableEurekaHttpClient.java:120)
	at com.netflix.discovery.shared.transport.decorator.EurekaHttpClientDecorator.register(EurekaHttpClientDecorator.java:56)
	at com.netflix.discovery.shared.transport.decorator.EurekaHttpClientDecorator$1.execute(EurekaHttpClientDecorator.java:59)
	at com.netflix.discovery.shared.transport.decorator.SessionedEurekaHttpClient.execute(SessionedEurekaHttpClient.java:76)
	at com.netflix.discovery.shared.transport.decorator.EurekaHttpClientDecorator.register(EurekaHttpClientDecorator.java:56)
	at com.netflix.discovery.DiscoveryClient.register(DiscoveryClient.java:828)
	at com.netflix.discovery.DiscoveryClient.renew(DiscoveryClient.java:851)
	at com.netflix.discovery.DiscoveryClient$HeartbeatThread.run(DiscoveryClient.java:1402)
	at java.base/java.util.concurrent.Executors$RunnableAdapter.call(Executors.java:572)
	at java.base/java.util.concurrent.FutureTask.run(FutureTask.java:317)
	at java.base/java.util.concurrent.ThreadPoolExecutor.runWorker(ThreadPoolExecutor.java:1144)
	at java.base/java.util.concurrent.ThreadPoolExecutor$Worker.run(ThreadPoolExecutor.java:642)
	at java.base/java.lang.Thread.run(Thread.java:1583)

2025-11-14 00:00:17 [DiscoveryClient-HeartbeatExecutor-%d] WARN  c.n.d.s.t.d.RetryableEurekaHttpClient - Request execution failed with message: null
2025-11-14 00:00:17 [DiscoveryClient-HeartbeatExecutor-%d] DEBUG o.s.web.client.RestTemplate - HTTP POST http://localhost:8761/eureka/apps/APIREST-SERVICES
2025-11-14 00:00:17 [DiscoveryClient-HeartbeatExecutor-%d] DEBUG o.s.web.client.RestTemplate - Accept=[application/json, application/yaml, application/*+json]
2025-11-14 00:00:17 [DiscoveryClient-HeartbeatExecutor-%d] DEBUG o.s.web.client.RestTemplate - Writing [InstanceInfo [instanceId = apirest-services:8083, appName = APIREST-SERVICES, hostName = 127.0.0.1, status = UP, ipAddr = 127.0.0.1, port = 8083, securePort = 443, dataCenterInfo = com.netflix.appinfo.MyDataCenterInfo@106d969e] as "application/json"
2025-11-14 00:00:17 [DiscoveryClient-HeartbeatExecutor-%d] INFO  c.n.d.s.t.d.RedirectingEurekaHttpClient - Request execution error. endpoint=DefaultEndpoint{ serviceUrl='http://localhost:8761/eureka/}, exception=null stacktrace=java.util.concurrent.CancellationException
	at org.apache.hc.core5.concurrent.BasicFuture.getResult(BasicFuture.java:87)
	at org.apache.hc.core5.concurrent.BasicFuture.get(BasicFuture.java:115)
	at org.apache.hc.core5.pool.StrictConnPool$1.get(StrictConnPool.java:183)
	at org.apache.hc.core5.pool.StrictConnPool$1.get(StrictConnPool.java:177)
	at org.apache.hc.client5.http.impl.io.PoolingHttpClientConnectionManager$3.get(PoolingHttpClientConnectionManager.java:344)
	at org.apache.hc.client5.http.impl.classic.InternalExecRuntime.acquireEndpoint(InternalExecRuntime.java:111)
	at org.apache.hc.client5.http.impl.classic.ConnectExec.execute(ConnectExec.java:127)
	at org.apache.hc.client5.http.impl.classic.ExecChainElement.execute(ExecChainElement.java:51)
	at org.apache.hc.client5.http.impl.classic.ProtocolExec.execute(ProtocolExec.java:195)
	at org.apache.hc.client5.http.impl.classic.ExecChainElement.execute(ExecChainElement.java:51)
	at org.apache.hc.client5.http.impl.classic.ContentCompressionExec.execute(ContentCompressionExec.java:150)
	at org.apache.hc.client5.http.impl.classic.ExecChainElement.execute(ExecChainElement.java:51)
	at org.apache.hc.client5.http.impl.classic.HttpRequestRetryExec.execute(HttpRequestRetryExec.java:113)
	at org.apache.hc.client5.http.impl.classic.ExecChainElement.execute(ExecChainElement.java:51)
	at org.apache.hc.client5.http.impl.classic.RedirectExec.execute(RedirectExec.java:110)
	at org.apache.hc.client5.http.impl.classic.ExecChainElement.execute(ExecChainElement.java:51)
	at org.apache.hc.client5.http.impl.classic.InternalHttpClient.doExecute(InternalHttpClient.java:185)
	at org.apache.hc.client5.http.impl.classic.CloseableHttpClient.execute(CloseableHttpClient.java:87)
	at org.apache.hc.client5.http.impl.classic.CloseableHttpClient.execute(CloseableHttpClient.java:55)
	at org.apache.hc.client5.http.classic.HttpClient.executeOpen(HttpClient.java:183)
	at org.springframework.http.client.HttpComponentsClientHttpRequest.executeInternal(HttpComponentsClientHttpRequest.java:99)
	at org.springframework.http.client.AbstractStreamingClientHttpRequest.executeInternal(AbstractStreamingClientHttpRequest.java:71)
	at org.springframework.http.client.AbstractClientHttpRequest.execute(AbstractClientHttpRequest.java:81)
	at org.springframework.http.client.InterceptingClientHttpRequest$InterceptingRequestExecution.execute(InterceptingClientHttpRequest.java:117)
	at org.springframework.cloud.netflix.eureka.http.RestTemplateTransportClientFactory.lambda$restTemplate$2(RestTemplateTransportClientFactory.java:145)
	at org.springframework.http.client.InterceptingClientHttpRequest$InterceptingRequestExecution.execute(InterceptingClientHttpRequest.java:88)
	at org.springframework.http.client.InterceptingClientHttpRequest.executeInternal(InterceptingClientHttpRequest.java:72)
	at org.springframework.http.client.AbstractBufferingClientHttpRequest.executeInternal(AbstractBufferingClientHttpRequest.java:48)
	at org.springframework.http.client.AbstractClientHttpRequest.execute(AbstractClientHttpRequest.java:81)
	at org.springframework.web.client.RestTemplate.doExecute(RestTemplate.java:900)
	at org.springframework.web.client.RestTemplate.execute(RestTemplate.java:841)
	at org.springframework.web.client.RestTemplate.exchange(RestTemplate.java:702)
	at org.springframework.cloud.netflix.eureka.http.RestTemplateEurekaHttpClient.register(RestTemplateEurekaHttpClient.java:87)
	at com.netflix.discovery.shared.transport.decorator.EurekaHttpClientDecorator$1.execute(EurekaHttpClientDecorator.java:59)
	at com.netflix.discovery.shared.transport.decorator.RedirectingEurekaHttpClient.executeOnNewServer(RedirectingEurekaHttpClient.java:121)
	at com.netflix.discovery.shared.transport.decorator.RedirectingEurekaHttpClient.execute(RedirectingEurekaHttpClient.java:80)
	at com.netflix.discovery.shared.transport.decorator.EurekaHttpClientDecorator.register(EurekaHttpClientDecorator.java:56)
	at com.netflix.discovery.shared.transport.decorator.EurekaHttpClientDecorator$1.execute(EurekaHttpClientDecorator.java:59)
	at com.netflix.discovery.shared.transport.decorator.RetryableEurekaHttpClient.execute(RetryableEurekaHttpClient.java:120)
	at com.netflix.discovery.shared.transport.decorator.EurekaHttpClientDecorator.register(EurekaHttpClientDecorator.java:56)
	at com.netflix.discovery.shared.transport.decorator.EurekaHttpClientDecorator$1.execute(EurekaHttpClientDecorator.java:59)
	at com.netflix.discovery.shared.transport.decorator.SessionedEurekaHttpClient.execute(SessionedEurekaHttpClient.java:76)
	at com.netflix.discovery.shared.transport.decorator.EurekaHttpClientDecorator.register(EurekaHttpClientDecorator.java:56)
	at com.netflix.discovery.DiscoveryClient.register(DiscoveryClient.java:828)
	at com.netflix.discovery.DiscoveryClient.renew(DiscoveryClient.java:851)
	at com.netflix.discovery.DiscoveryClient$HeartbeatThread.run(DiscoveryClient.java:1402)
	at java.base/java.util.concurrent.Executors$RunnableAdapter.call(Executors.java:572)
	at java.base/java.util.concurrent.FutureTask.run(FutureTask.java:317)
	at java.base/java.util.concurrent.ThreadPoolExecutor.runWorker(ThreadPoolExecutor.java:1144)
	at java.base/java.util.concurrent.ThreadPoolExecutor$Worker.run(ThreadPoolExecutor.java:642)
	at java.base/java.lang.Thread.run(Thread.java:1583)

2025-11-14 00:00:17 [DiscoveryClient-HeartbeatExecutor-%d] WARN  c.n.d.s.t.d.RetryableEurekaHttpClient - Request execution failed with message: null
2025-11-14 00:00:17 [DiscoveryClient-HeartbeatExecutor-%d] WARN  c.netflix.discovery.DiscoveryClient - DiscoveryClient_APIREST-SERVICES/apirest-services:8083 - registration failed Cannot execute request on any known server
com.netflix.discovery.shared.transport.TransportException: Cannot execute request on any known server
	at com.netflix.discovery.shared.transport.decorator.RetryableEurekaHttpClient.execute(RetryableEurekaHttpClient.java:112)
	at com.netflix.discovery.shared.transport.decorator.EurekaHttpClientDecorator.register(EurekaHttpClientDecorator.java:56)
	at com.netflix.discovery.shared.transport.decorator.EurekaHttpClientDecorator$1.execute(EurekaHttpClientDecorator.java:59)
	at com.netflix.discovery.shared.transport.decorator.SessionedEurekaHttpClient.execute(SessionedEurekaHttpClient.java:76)
	at com.netflix.discovery.shared.transport.decorator.EurekaHttpClientDecorator.register(EurekaHttpClientDecorator.java:56)
	at com.netflix.discovery.DiscoveryClient.register(DiscoveryClient.java:828)
	at com.netflix.discovery.DiscoveryClient.renew(DiscoveryClient.java:851)
	at com.netflix.discovery.DiscoveryClient$HeartbeatThread.run(DiscoveryClient.java:1402)
	at java.base/java.util.concurrent.Executors$RunnableAdapter.call(Executors.java:572)
	at java.base/java.util.concurrent.FutureTask.run(FutureTask.java:317)
	at java.base/java.util.concurrent.ThreadPoolExecutor.runWorker(ThreadPoolExecutor.java:1144)
	at java.base/java.util.concurrent.ThreadPoolExecutor$Worker.run(ThreadPoolExecutor.java:642)
	at java.base/java.lang.Thread.run(Thread.java:1583)
2025-11-14 00:00:17 [DiscoveryClient-HeartbeatExecutor-%d] ERROR c.netflix.discovery.DiscoveryClient - DiscoveryClient_APIREST-SERVICES/apirest-services:8083 - was unable to send heartbeat!
com.netflix.discovery.shared.transport.TransportException: Cannot execute request on any known server
	at com.netflix.discovery.shared.transport.decorator.RetryableEurekaHttpClient.execute(RetryableEurekaHttpClient.java:112)
	at com.netflix.discovery.shared.transport.decorator.EurekaHttpClientDecorator.register(EurekaHttpClientDecorator.java:56)
	at com.netflix.discovery.shared.transport.decorator.EurekaHttpClientDecorator$1.execute(EurekaHttpClientDecorator.java:59)
	at com.netflix.discovery.shared.transport.decorator.SessionedEurekaHttpClient.execute(SessionedEurekaHttpClient.java:76)
	at com.netflix.discovery.shared.transport.decorator.EurekaHttpClientDecorator.register(EurekaHttpClientDecorator.java:56)
	at com.netflix.discovery.DiscoveryClient.register(DiscoveryClient.java:828)
	at com.netflix.discovery.DiscoveryClient.renew(DiscoveryClient.java:851)
	at com.netflix.discovery.DiscoveryClient$HeartbeatThread.run(DiscoveryClient.java:1402)
	at java.base/java.util.concurrent.Executors$RunnableAdapter.call(Executors.java:572)
	at java.base/java.util.concurrent.FutureTask.run(FutureTask.java:317)
	at java.base/java.util.concurrent.ThreadPoolExecutor.runWorker(ThreadPoolExecutor.java:1144)
	at java.base/java.util.concurrent.ThreadPoolExecutor$Worker.run(ThreadPoolExecutor.java:642)
	at java.base/java.lang.Thread.run(Thread.java:1583)
2025-11-14 00:00:20 [DiscoveryClient-CacheRefreshExecutor-%d] INFO  c.netflix.discovery.DiscoveryClient - Disable delta property : false
2025-11-14 00:00:20 [DiscoveryClient-CacheRefreshExecutor-%d] INFO  c.netflix.discovery.DiscoveryClient - Single vip registry refresh property : null
2025-11-14 00:00:20 [DiscoveryClient-CacheRefreshExecutor-%d] INFO  c.netflix.discovery.DiscoveryClient - Force full registry fetch : false
2025-11-14 00:00:20 [DiscoveryClient-CacheRefreshExecutor-%d] INFO  c.netflix.discovery.DiscoveryClient - Application is null : false
2025-11-14 00:00:20 [DiscoveryClient-CacheRefreshExecutor-%d] INFO  c.netflix.discovery.DiscoveryClient - Registered Applications size is zero : true
2025-11-14 00:00:20 [DiscoveryClient-CacheRefreshExecutor-%d] INFO  c.netflix.discovery.DiscoveryClient - Application version is -1: false
2025-11-14 00:00:20 [DiscoveryClient-CacheRefreshExecutor-%d] INFO  c.netflix.discovery.DiscoveryClient - Getting all instance registry info from the eureka server
2025-11-14 00:00:20 [DiscoveryClient-CacheRefreshExecutor-%d] DEBUG o.s.web.client.RestTemplate - HTTP GET http://localhost:8761/eureka/apps/
2025-11-14 00:00:20 [DiscoveryClient-CacheRefreshExecutor-%d] DEBUG o.s.web.client.RestTemplate - Accept=[application/json, application/yaml, application/*+json]
2025-11-14 00:00:20 [DiscoveryClient-CacheRefreshExecutor-%d] DEBUG o.s.web.client.RestTemplate - Response 200 OK
2025-11-14 00:00:20 [DiscoveryClient-CacheRefreshExecutor-%d] DEBUG o.s.web.client.RestTemplate - Reading to [org.springframework.cloud.netflix.eureka.http.EurekaApplications]
2025-11-14 00:00:20 [DiscoveryClient-CacheRefreshExecutor-%d] INFO  c.netflix.discovery.DiscoveryClient - The response status is 200
2025-11-14 00:00:50 [DiscoveryClient-CacheRefreshExecutor-%d] INFO  c.netflix.discovery.DiscoveryClient - Disable delta property : false
2025-11-14 00:00:50 [DiscoveryClient-CacheRefreshExecutor-%d] INFO  c.netflix.discovery.DiscoveryClient - Single vip registry refresh property : null
2025-11-14 00:00:50 [DiscoveryClient-CacheRefreshExecutor-%d] INFO  c.netflix.discovery.DiscoveryClient - Force full registry fetch : false
2025-11-14 00:00:50 [DiscoveryClient-CacheRefreshExecutor-%d] INFO  c.netflix.discovery.DiscoveryClient - Application is null : false
2025-11-14 00:00:50 [DiscoveryClient-CacheRefreshExecutor-%d] INFO  c.netflix.discovery.DiscoveryClient - Registered Applications size is zero : true
2025-11-14 00:00:50 [DiscoveryClient-CacheRefreshExecutor-%d] INFO  c.netflix.discovery.DiscoveryClient - Application version is -1: false
2025-11-14 00:00:50 [DiscoveryClient-CacheRefreshExecutor-%d] INFO  c.netflix.discovery.DiscoveryClient - Getting all instance registry info from the eureka server
2025-11-14 00:00:50 [DiscoveryClient-CacheRefreshExecutor-%d] DEBUG o.s.web.client.RestTemplate - HTTP GET http://localhost:8761/eureka/apps/
2025-11-14 00:00:50 [DiscoveryClient-CacheRefreshExecutor-%d] DEBUG o.s.web.client.RestTemplate - Accept=[application/json, application/yaml, application/*+json]
2025-11-14 00:00:51 [DiscoveryClient-CacheRefreshExecutor-%d] DEBUG o.s.web.client.RestTemplate - Response 200 OK
2025-11-14 00:00:51 [DiscoveryClient-CacheRefreshExecutor-%d] DEBUG o.s.web.client.RestTemplate - Reading to [org.springframework.cloud.netflix.eureka.http.EurekaApplications]
2025-11-14 00:00:51 [DiscoveryClient-CacheRefreshExecutor-%d] INFO  c.netflix.discovery.DiscoveryClient - The response status is 200
2025-11-14 00:01:15 [DiscoveryClient-HeartbeatExecutor-%d] DEBUG o.s.web.client.RestTemplate - HTTP PUT http://localhost:8761/eureka/apps/APIREST-SERVICES/apirest-services:8083?status=UP&lastDirtyTimestamp=1763089213753
2025-11-14 00:01:15 [DiscoveryClient-HeartbeatExecutor-%d] DEBUG o.s.web.client.RestTemplate - Accept=[application/json, application/yaml, application/*+json]
2025-11-14 00:01:15 [DiscoveryClient-HeartbeatExecutor-%d] DEBUG o.s.web.client.RestTemplate - Response 404 NOT_FOUND
2025-11-14 00:01:15 [DiscoveryClient-HeartbeatExecutor-%d] INFO  c.netflix.discovery.DiscoveryClient - DiscoveryClient_APIREST-SERVICES/apirest-services:8083 - Re-registering apps/APIREST-SERVICES
2025-11-14 00:01:15 [DiscoveryClient-HeartbeatExecutor-%d] INFO  c.netflix.discovery.DiscoveryClient - DiscoveryClient_APIREST-SERVICES/apirest-services:8083: registering service...
2025-11-14 00:01:15 [DiscoveryClient-HeartbeatExecutor-%d] DEBUG o.s.web.client.RestTemplate - HTTP POST http://localhost:8761/eureka/apps/APIREST-SERVICES
2025-11-14 00:01:15 [DiscoveryClient-HeartbeatExecutor-%d] DEBUG o.s.web.client.RestTemplate - Accept=[application/json, application/yaml, application/*+json]
2025-11-14 00:01:15 [DiscoveryClient-HeartbeatExecutor-%d] DEBUG o.s.web.client.RestTemplate - Writing [InstanceInfo [instanceId = apirest-services:8083, appName = APIREST-SERVICES, hostName = 127.0.0.1, status = UP, ipAddr = 127.0.0.1, port = 8083, securePort = 443, dataCenterInfo = com.netflix.appinfo.MyDataCenterInfo@106d969e] as "application/json"
2025-11-14 00:01:15 [DiscoveryClient-HeartbeatExecutor-%d] DEBUG o.s.web.client.RestTemplate - Response 204 NO_CONTENT
2025-11-14 00:01:15 [DiscoveryClient-HeartbeatExecutor-%d] INFO  c.netflix.discovery.DiscoveryClient - DiscoveryClient_APIREST-SERVICES/apirest-services:8083 - registration status: 204
2025-11-14 00:01:21 [DiscoveryClient-CacheRefreshExecutor-%d] DEBUG o.s.web.client.RestTemplate - HTTP GET http://localhost:8761/eureka/apps/delta
2025-11-14 00:01:21 [DiscoveryClient-CacheRefreshExecutor-%d] DEBUG o.s.web.client.RestTemplate - Accept=[application/json, application/yaml, application/*+json]
2025-11-14 00:01:24 [DiscoveryClient-CacheRefreshExecutor-%d] DEBUG o.s.web.client.RestTemplate - Response 200 OK
2025-11-14 00:01:24 [DiscoveryClient-CacheRefreshExecutor-%d] DEBUG o.s.web.client.RestTemplate - Reading to [org.springframework.cloud.netflix.eureka.http.EurekaApplications]
2025-11-14 00:01:45 [DiscoveryClient-HeartbeatExecutor-%d] DEBUG o.s.web.client.RestTemplate - HTTP PUT http://localhost:8761/eureka/apps/APIREST-SERVICES/apirest-services:8083?status=UP&lastDirtyTimestamp=1763089275623
2025-11-14 00:01:45 [DiscoveryClient-HeartbeatExecutor-%d] DEBUG o.s.web.client.RestTemplate - Accept=[application/json, application/yaml, application/*+json]
2025-11-14 00:01:45 [DiscoveryClient-HeartbeatExecutor-%d] DEBUG o.s.web.client.RestTemplate - Response 200 OK
2025-11-14 00:01:54 [DiscoveryClient-CacheRefreshExecutor-%d] DEBUG o.s.web.client.RestTemplate - HTTP GET http://localhost:8761/eureka/apps/delta
2025-11-14 00:01:54 [DiscoveryClient-CacheRefreshExecutor-%d] DEBUG o.s.web.client.RestTemplate - Accept=[application/json, application/yaml, application/*+json]
2025-11-14 00:01:54 [DiscoveryClient-CacheRefreshExecutor-%d] DEBUG o.s.web.client.RestTemplate - Response 200 OK
2025-11-14 00:01:54 [DiscoveryClient-CacheRefreshExecutor-%d] DEBUG o.s.web.client.RestTemplate - Reading to [org.springframework.cloud.netflix.eureka.http.EurekaApplications]
2025-11-14 00:01:59 [AsyncResolver-bootstrap-executor-%d] INFO  c.n.d.s.r.aws.ConfigClusterResolver - Resolving eureka endpoints via configuration
2025-11-14 00:02:15 [DiscoveryClient-HeartbeatExecutor-%d] DEBUG o.s.web.client.RestTemplate - HTTP PUT http://localhost:8761/eureka/apps/APIREST-SERVICES/apirest-services:8083?status=UP&lastDirtyTimestamp=1763089275623
2025-11-14 00:02:15 [DiscoveryClient-HeartbeatExecutor-%d] DEBUG o.s.web.client.RestTemplate - Accept=[application/json, application/yaml, application/*+json]
2025-11-14 00:02:15 [DiscoveryClient-HeartbeatExecutor-%d] DEBUG o.s.web.client.RestTemplate - Response 200 OK
2025-11-14 00:02:24 [DiscoveryClient-CacheRefreshExecutor-%d] DEBUG o.s.web.client.RestTemplate - HTTP GET http://localhost:8761/eureka/apps/delta
2025-11-14 00:02:24 [DiscoveryClient-CacheRefreshExecutor-%d] DEBUG o.s.web.client.RestTemplate - Accept=[application/json, application/yaml, application/*+json]
2025-11-14 00:02:24 [DiscoveryClient-CacheRefreshExecutor-%d] DEBUG o.s.web.client.RestTemplate - Response 200 OK
2025-11-14 00:02:24 [DiscoveryClient-CacheRefreshExecutor-%d] DEBUG o.s.web.client.RestTemplate - Reading to [org.springframework.cloud.netflix.eureka.http.EurekaApplications]
2025-11-14 00:02:45 [DiscoveryClient-HeartbeatExecutor-%d] DEBUG o.s.web.client.RestTemplate - HTTP PUT http://localhost:8761/eureka/apps/APIREST-SERVICES/apirest-services:8083?status=UP&lastDirtyTimestamp=1763089275623
2025-11-14 00:02:45 [DiscoveryClient-HeartbeatExecutor-%d] DEBUG o.s.web.client.RestTemplate - Accept=[application/json, application/yaml, application/*+json]
2025-11-14 00:02:45 [DiscoveryClient-HeartbeatExecutor-%d] DEBUG o.s.web.client.RestTemplate - Response 200 OK
2025-11-14 00:02:54 [DiscoveryClient-CacheRefreshExecutor-%d] DEBUG o.s.web.client.RestTemplate - HTTP GET http://localhost:8761/eureka/apps/delta
2025-11-14 00:02:54 [DiscoveryClient-CacheRefreshExecutor-%d] DEBUG o.s.web.client.RestTemplate - Accept=[application/json, application/yaml, application/*+json]
2025-11-14 00:02:54 [DiscoveryClient-CacheRefreshExecutor-%d] DEBUG o.s.web.client.RestTemplate - Response 200 OK
2025-11-14 00:02:54 [DiscoveryClient-CacheRefreshExecutor-%d] DEBUG o.s.web.client.RestTemplate - Reading to [org.springframework.cloud.netflix.eureka.http.EurekaApplications]
2025-11-14 00:03:15 [DiscoveryClient-HeartbeatExecutor-%d] DEBUG o.s.web.client.RestTemplate - HTTP PUT http://localhost:8761/eureka/apps/APIREST-SERVICES/apirest-services:8083?status=UP&lastDirtyTimestamp=1763089275623
2025-11-14 00:03:15 [DiscoveryClient-HeartbeatExecutor-%d] DEBUG o.s.web.client.RestTemplate - Accept=[application/json, application/yaml, application/*+json]
2025-11-14 00:03:15 [DiscoveryClient-HeartbeatExecutor-%d] DEBUG o.s.web.client.RestTemplate - Response 200 OK
2025-11-14 00:03:24 [DiscoveryClient-CacheRefreshExecutor-%d] DEBUG o.s.web.client.RestTemplate - HTTP GET http://localhost:8761/eureka/apps/delta
2025-11-14 00:03:24 [DiscoveryClient-CacheRefreshExecutor-%d] DEBUG o.s.web.client.RestTemplate - Accept=[application/json, application/yaml, application/*+json]
2025-11-14 00:03:24 [DiscoveryClient-CacheRefreshExecutor-%d] DEBUG o.s.web.client.RestTemplate - Response 200 OK
2025-11-14 00:03:24 [DiscoveryClient-CacheRefreshExecutor-%d] DEBUG o.s.web.client.RestTemplate - Reading to [org.springframework.cloud.netflix.eureka.http.EurekaApplications]
2025-11-14 00:03:45 [DiscoveryClient-HeartbeatExecutor-%d] DEBUG o.s.web.client.RestTemplate - HTTP PUT http://localhost:8761/eureka/apps/APIREST-SERVICES/apirest-services:8083?status=UP&lastDirtyTimestamp=1763089275623
2025-11-14 00:03:45 [DiscoveryClient-HeartbeatExecutor-%d] DEBUG o.s.web.client.RestTemplate - Accept=[application/json, application/yaml, application/*+json]
2025-11-14 00:03:45 [DiscoveryClient-HeartbeatExecutor-%d] DEBUG o.s.web.client.RestTemplate - Response 200 OK
2025-11-14 00:03:54 [DiscoveryClient-CacheRefreshExecutor-%d] DEBUG o.s.web.client.RestTemplate - HTTP GET http://localhost:8761/eureka/apps/delta
2025-11-14 00:03:54 [DiscoveryClient-CacheRefreshExecutor-%d] DEBUG o.s.web.client.RestTemplate - Accept=[application/json, application/yaml, application/*+json]
2025-11-14 00:03:54 [DiscoveryClient-CacheRefreshExecutor-%d] DEBUG o.s.web.client.RestTemplate - Response 200 OK
2025-11-14 00:03:54 [DiscoveryClient-CacheRefreshExecutor-%d] DEBUG o.s.web.client.RestTemplate - Reading to [org.springframework.cloud.netflix.eureka.http.EurekaApplications]
2025-11-14 00:04:15 [DiscoveryClient-HeartbeatExecutor-%d] DEBUG o.s.web.client.RestTemplate - HTTP PUT http://localhost:8761/eureka/apps/APIREST-SERVICES/apirest-services:8083?status=UP&lastDirtyTimestamp=1763089275623
2025-11-14 00:04:15 [DiscoveryClient-HeartbeatExecutor-%d] DEBUG o.s.web.client.RestTemplate - Accept=[application/json, application/yaml, application/*+json]
2025-11-14 00:04:15 [DiscoveryClient-HeartbeatExecutor-%d] DEBUG o.s.web.client.RestTemplate - Response 200 OK
2025-11-14 00:04:24 [DiscoveryClient-CacheRefreshExecutor-%d] DEBUG o.s.web.client.RestTemplate - HTTP GET http://localhost:8761/eureka/apps/delta
2025-11-14 00:04:24 [DiscoveryClient-CacheRefreshExecutor-%d] DEBUG o.s.web.client.RestTemplate - Accept=[application/json, application/yaml, application/*+json]
2025-11-14 00:04:24 [DiscoveryClient-CacheRefreshExecutor-%d] DEBUG o.s.web.client.RestTemplate - Response 200 OK
2025-11-14 00:04:24 [DiscoveryClient-CacheRefreshExecutor-%d] DEBUG o.s.web.client.RestTemplate - Reading to [org.springframework.cloud.netflix.eureka.http.EurekaApplications]
2025-11-14 00:04:45 [DiscoveryClient-HeartbeatExecutor-%d] DEBUG o.s.web.client.RestTemplate - HTTP PUT http://localhost:8761/eureka/apps/APIREST-SERVICES/apirest-services:8083?status=UP&lastDirtyTimestamp=1763089275623
2025-11-14 00:04:45 [DiscoveryClient-HeartbeatExecutor-%d] DEBUG o.s.web.client.RestTemplate - Accept=[application/json, application/yaml, application/*+json]
2025-11-14 00:04:45 [DiscoveryClient-HeartbeatExecutor-%d] DEBUG o.s.web.client.RestTemplate - Response 200 OK
2025-11-14 00:04:54 [DiscoveryClient-CacheRefreshExecutor-%d] DEBUG o.s.web.client.RestTemplate - HTTP GET http://localhost:8761/eureka/apps/delta
2025-11-14 00:04:54 [DiscoveryClient-CacheRefreshExecutor-%d] DEBUG o.s.web.client.RestTemplate - Accept=[application/json, application/yaml, application/*+json]
2025-11-14 00:04:54 [DiscoveryClient-CacheRefreshExecutor-%d] DEBUG o.s.web.client.RestTemplate - Response 200 OK
2025-11-14 00:04:54 [DiscoveryClient-CacheRefreshExecutor-%d] DEBUG o.s.web.client.RestTemplate - Reading to [org.springframework.cloud.netflix.eureka.http.EurekaApplications]
2025-11-14 00:05:15 [DiscoveryClient-HeartbeatExecutor-%d] DEBUG o.s.web.client.RestTemplate - HTTP PUT http://localhost:8761/eureka/apps/APIREST-SERVICES/apirest-services:8083?status=UP&lastDirtyTimestamp=1763089275623
2025-11-14 00:05:15 [DiscoveryClient-HeartbeatExecutor-%d] DEBUG o.s.web.client.RestTemplate - Accept=[application/json, application/yaml, application/*+json]
2025-11-14 00:05:15 [DiscoveryClient-HeartbeatExecutor-%d] DEBUG o.s.web.client.RestTemplate - Response 200 OK
2025-11-14 00:05:24 [DiscoveryClient-CacheRefreshExecutor-%d] DEBUG o.s.web.client.RestTemplate - HTTP GET http://localhost:8761/eureka/apps/delta
2025-11-14 00:05:24 [DiscoveryClient-CacheRefreshExecutor-%d] DEBUG o.s.web.client.RestTemplate - Accept=[application/json, application/yaml, application/*+json]
2025-11-14 00:05:24 [DiscoveryClient-CacheRefreshExecutor-%d] DEBUG o.s.web.client.RestTemplate - Response 200 OK
2025-11-14 00:05:24 [DiscoveryClient-CacheRefreshExecutor-%d] DEBUG o.s.web.client.RestTemplate - Reading to [org.springframework.cloud.netflix.eureka.http.EurekaApplications]
2025-11-14 00:05:45 [DiscoveryClient-HeartbeatExecutor-%d] DEBUG o.s.web.client.RestTemplate - HTTP PUT http://localhost:8761/eureka/apps/APIREST-SERVICES/apirest-services:8083?status=UP&lastDirtyTimestamp=1763089275623
2025-11-14 00:05:45 [DiscoveryClient-HeartbeatExecutor-%d] DEBUG o.s.web.client.RestTemplate - Accept=[application/json, application/yaml, application/*+json]
2025-11-14 00:05:45 [DiscoveryClient-HeartbeatExecutor-%d] DEBUG o.s.web.client.RestTemplate - Response 200 OK
2025-11-14 00:05:54 [DiscoveryClient-CacheRefreshExecutor-%d] DEBUG o.s.web.client.RestTemplate - HTTP GET http://localhost:8761/eureka/apps/delta
2025-11-14 00:05:54 [DiscoveryClient-CacheRefreshExecutor-%d] DEBUG o.s.web.client.RestTemplate - Accept=[application/json, application/yaml, application/*+json]
2025-11-14 00:05:54 [DiscoveryClient-CacheRefreshExecutor-%d] DEBUG o.s.web.client.RestTemplate - Response 200 OK
2025-11-14 00:05:54 [DiscoveryClient-CacheRefreshExecutor-%d] DEBUG o.s.web.client.RestTemplate - Reading to [org.springframework.cloud.netflix.eureka.http.EurekaApplications]
2025-11-14 00:06:15 [DiscoveryClient-HeartbeatExecutor-%d] DEBUG o.s.web.client.RestTemplate - HTTP PUT http://localhost:8761/eureka/apps/APIREST-SERVICES/apirest-services:8083?status=UP&lastDirtyTimestamp=1763089275623
2025-11-14 00:06:15 [DiscoveryClient-HeartbeatExecutor-%d] DEBUG o.s.web.client.RestTemplate - Accept=[application/json, application/yaml, application/*+json]
2025-11-14 00:06:15 [DiscoveryClient-HeartbeatExecutor-%d] DEBUG o.s.web.client.RestTemplate - Response 200 OK
2025-11-14 00:06:24 [DiscoveryClient-CacheRefreshExecutor-%d] DEBUG o.s.web.client.RestTemplate - HTTP GET http://localhost:8761/eureka/apps/delta
2025-11-14 00:06:24 [DiscoveryClient-CacheRefreshExecutor-%d] DEBUG o.s.web.client.RestTemplate - Accept=[application/json, application/yaml, application/*+json]
2025-11-14 00:06:24 [DiscoveryClient-CacheRefreshExecutor-%d] DEBUG o.s.web.client.RestTemplate - Response 200 OK
2025-11-14 00:06:24 [DiscoveryClient-CacheRefreshExecutor-%d] DEBUG o.s.web.client.RestTemplate - Reading to [org.springframework.cloud.netflix.eureka.http.EurekaApplications]
2025-11-14 00:06:46 [DiscoveryClient-HeartbeatExecutor-%d] DEBUG o.s.web.client.RestTemplate - HTTP PUT http://localhost:8761/eureka/apps/APIREST-SERVICES/apirest-services:8083?status=UP&lastDirtyTimestamp=1763089275623
2025-11-14 00:06:46 [DiscoveryClient-HeartbeatExecutor-%d] DEBUG o.s.web.client.RestTemplate - Accept=[application/json, application/yaml, application/*+json]
2025-11-14 00:06:46 [DiscoveryClient-HeartbeatExecutor-%d] DEBUG o.s.web.client.RestTemplate - Response 200 OK
2025-11-14 00:06:54 [DiscoveryClient-CacheRefreshExecutor-%d] DEBUG o.s.web.client.RestTemplate - HTTP GET http://localhost:8761/eureka/apps/delta
2025-11-14 00:06:54 [DiscoveryClient-CacheRefreshExecutor-%d] DEBUG o.s.web.client.RestTemplate - Accept=[application/json, application/yaml, application/*+json]
2025-11-14 00:06:54 [DiscoveryClient-CacheRefreshExecutor-%d] DEBUG o.s.web.client.RestTemplate - Response 200 OK
2025-11-14 00:06:54 [DiscoveryClient-CacheRefreshExecutor-%d] DEBUG o.s.web.client.RestTemplate - Reading to [org.springframework.cloud.netflix.eureka.http.EurekaApplications]
2025-11-14 00:06:59 [AsyncResolver-bootstrap-executor-%d] INFO  c.n.d.s.r.aws.ConfigClusterResolver - Resolving eureka endpoints via configuration
2025-11-14 00:07:16 [DiscoveryClient-HeartbeatExecutor-%d] DEBUG o.s.web.client.RestTemplate - HTTP PUT http://localhost:8761/eureka/apps/APIREST-SERVICES/apirest-services:8083?status=UP&lastDirtyTimestamp=1763089275623
2025-11-14 00:07:16 [DiscoveryClient-HeartbeatExecutor-%d] DEBUG o.s.web.client.RestTemplate - Accept=[application/json, application/yaml, application/*+json]
2025-11-14 00:07:16 [DiscoveryClient-HeartbeatExecutor-%d] DEBUG o.s.web.client.RestTemplate - Response 200 OK
2025-11-14 00:07:24 [DiscoveryClient-CacheRefreshExecutor-%d] DEBUG o.s.web.client.RestTemplate - HTTP GET http://localhost:8761/eureka/apps/delta
2025-11-14 00:07:24 [DiscoveryClient-CacheRefreshExecutor-%d] DEBUG o.s.web.client.RestTemplate - Accept=[application/json, application/yaml, application/*+json]
2025-11-14 00:07:24 [DiscoveryClient-CacheRefreshExecutor-%d] DEBUG o.s.web.client.RestTemplate - Response 200 OK
2025-11-14 00:07:24 [DiscoveryClient-CacheRefreshExecutor-%d] DEBUG o.s.web.client.RestTemplate - Reading to [org.springframework.cloud.netflix.eureka.http.EurekaApplications]
2025-11-14 00:07:46 [DiscoveryClient-HeartbeatExecutor-%d] DEBUG o.s.web.client.RestTemplate - HTTP PUT http://localhost:8761/eureka/apps/APIREST-SERVICES/apirest-services:8083?status=UP&lastDirtyTimestamp=1763089275623
2025-11-14 00:07:46 [DiscoveryClient-HeartbeatExecutor-%d] DEBUG o.s.web.client.RestTemplate - Accept=[application/json, application/yaml, application/*+json]
2025-11-14 00:07:46 [DiscoveryClient-HeartbeatExecutor-%d] DEBUG o.s.web.client.RestTemplate - Response 200 OK
2025-11-14 00:07:54 [DiscoveryClient-CacheRefreshExecutor-%d] DEBUG o.s.web.client.RestTemplate - HTTP GET http://localhost:8761/eureka/apps/delta
2025-11-14 00:07:54 [DiscoveryClient-CacheRefreshExecutor-%d] DEBUG o.s.web.client.RestTemplate - Accept=[application/json, application/yaml, application/*+json]
2025-11-14 00:07:54 [DiscoveryClient-CacheRefreshExecutor-%d] DEBUG o.s.web.client.RestTemplate - Response 200 OK
2025-11-14 00:07:54 [DiscoveryClient-CacheRefreshExecutor-%d] DEBUG o.s.web.client.RestTemplate - Reading to [org.springframework.cloud.netflix.eureka.http.EurekaApplications]
2025-11-14 00:08:16 [DiscoveryClient-HeartbeatExecutor-%d] DEBUG o.s.web.client.RestTemplate - HTTP PUT http://localhost:8761/eureka/apps/APIREST-SERVICES/apirest-services:8083?status=UP&lastDirtyTimestamp=1763089275623
2025-11-14 00:08:16 [DiscoveryClient-HeartbeatExecutor-%d] DEBUG o.s.web.client.RestTemplate - Accept=[application/json, application/yaml, application/*+json]
2025-11-14 00:08:16 [DiscoveryClient-HeartbeatExecutor-%d] DEBUG o.s.web.client.RestTemplate - Response 200 OK
2025-11-14 00:08:24 [DiscoveryClient-CacheRefreshExecutor-%d] DEBUG o.s.web.client.RestTemplate - HTTP GET http://localhost:8761/eureka/apps/delta
2025-11-14 00:08:24 [DiscoveryClient-CacheRefreshExecutor-%d] DEBUG o.s.web.client.RestTemplate - Accept=[application/json, application/yaml, application/*+json]
2025-11-14 00:08:24 [DiscoveryClient-CacheRefreshExecutor-%d] DEBUG o.s.web.client.RestTemplate - Response 200 OK
2025-11-14 00:08:24 [DiscoveryClient-CacheRefreshExecutor-%d] DEBUG o.s.web.client.RestTemplate - Reading to [org.springframework.cloud.netflix.eureka.http.EurekaApplications]
2025-11-14 00:08:46 [DiscoveryClient-HeartbeatExecutor-%d] DEBUG o.s.web.client.RestTemplate - HTTP PUT http://localhost:8761/eureka/apps/APIREST-SERVICES/apirest-services:8083?status=UP&lastDirtyTimestamp=1763089275623
2025-11-14 00:08:46 [DiscoveryClient-HeartbeatExecutor-%d] DEBUG o.s.web.client.RestTemplate - Accept=[application/json, application/yaml, application/*+json]
2025-11-14 00:08:46 [DiscoveryClient-HeartbeatExecutor-%d] DEBUG o.s.web.client.RestTemplate - Response 200 OK
2025-11-14 00:08:54 [DiscoveryClient-CacheRefreshExecutor-%d] DEBUG o.s.web.client.RestTemplate - HTTP GET http://localhost:8761/eureka/apps/delta
2025-11-14 00:08:54 [DiscoveryClient-CacheRefreshExecutor-%d] DEBUG o.s.web.client.RestTemplate - Accept=[application/json, application/yaml, application/*+json]
2025-11-14 00:08:54 [DiscoveryClient-CacheRefreshExecutor-%d] DEBUG o.s.web.client.RestTemplate - Response 200 OK
2025-11-14 00:08:54 [DiscoveryClient-CacheRefreshExecutor-%d] DEBUG o.s.web.client.RestTemplate - Reading to [org.springframework.cloud.netflix.eureka.http.EurekaApplications]
2025-11-14 00:09:16 [DiscoveryClient-HeartbeatExecutor-%d] DEBUG o.s.web.client.RestTemplate - HTTP PUT http://localhost:8761/eureka/apps/APIREST-SERVICES/apirest-services:8083?status=UP&lastDirtyTimestamp=1763089275623
2025-11-14 00:09:16 [DiscoveryClient-HeartbeatExecutor-%d] DEBUG o.s.web.client.RestTemplate - Accept=[application/json, application/yaml, application/*+json]
2025-11-14 00:09:16 [DiscoveryClient-HeartbeatExecutor-%d] DEBUG o.s.web.client.RestTemplate - Response 200 OK
2025-11-14 00:09:24 [DiscoveryClient-CacheRefreshExecutor-%d] DEBUG o.s.web.client.RestTemplate - HTTP GET http://localhost:8761/eureka/apps/delta
2025-11-14 00:09:24 [DiscoveryClient-CacheRefreshExecutor-%d] DEBUG o.s.web.client.RestTemplate - Accept=[application/json, application/yaml, application/*+json]
2025-11-14 00:09:24 [DiscoveryClient-CacheRefreshExecutor-%d] DEBUG o.s.web.client.RestTemplate - Response 200 OK
2025-11-14 00:09:24 [DiscoveryClient-CacheRefreshExecutor-%d] DEBUG o.s.web.client.RestTemplate - Reading to [org.springframework.cloud.netflix.eureka.http.EurekaApplications]
2025-11-14 00:09:46 [DiscoveryClient-HeartbeatExecutor-%d] DEBUG o.s.web.client.RestTemplate - HTTP PUT http://localhost:8761/eureka/apps/APIREST-SERVICES/apirest-services:8083?status=UP&lastDirtyTimestamp=1763089275623
2025-11-14 00:09:46 [DiscoveryClient-HeartbeatExecutor-%d] DEBUG o.s.web.client.RestTemplate - Accept=[application/json, application/yaml, application/*+json]
2025-11-14 00:09:46 [DiscoveryClient-HeartbeatExecutor-%d] DEBUG o.s.web.client.RestTemplate - Response 200 OK
2025-11-14 00:09:54 [DiscoveryClient-CacheRefreshExecutor-%d] DEBUG o.s.web.client.RestTemplate - HTTP GET http://localhost:8761/eureka/apps/delta
2025-11-14 00:09:54 [DiscoveryClient-CacheRefreshExecutor-%d] DEBUG o.s.web.client.RestTemplate - Accept=[application/json, application/yaml, application/*+json]
2025-11-14 00:09:54 [DiscoveryClient-CacheRefreshExecutor-%d] DEBUG o.s.web.client.RestTemplate - Response 200 OK
2025-11-14 00:09:54 [DiscoveryClient-CacheRefreshExecutor-%d] DEBUG o.s.web.client.RestTemplate - Reading to [org.springframework.cloud.netflix.eureka.http.EurekaApplications]
2025-11-14 00:10:16 [DiscoveryClient-HeartbeatExecutor-%d] DEBUG o.s.web.client.RestTemplate - HTTP PUT http://localhost:8761/eureka/apps/APIREST-SERVICES/apirest-services:8083?status=UP&lastDirtyTimestamp=1763089275623
2025-11-14 00:10:16 [DiscoveryClient-HeartbeatExecutor-%d] DEBUG o.s.web.client.RestTemplate - Accept=[application/json, application/yaml, application/*+json]
2025-11-14 00:10:16 [DiscoveryClient-HeartbeatExecutor-%d] DEBUG o.s.web.client.RestTemplate - Response 200 OK
2025-11-14 00:10:24 [DiscoveryClient-CacheRefreshExecutor-%d] DEBUG o.s.web.client.RestTemplate - HTTP GET http://localhost:8761/eureka/apps/delta
2025-11-14 00:10:24 [DiscoveryClient-CacheRefreshExecutor-%d] DEBUG o.s.web.client.RestTemplate - Accept=[application/json, application/yaml, application/*+json]
2025-11-14 00:10:24 [DiscoveryClient-CacheRefreshExecutor-%d] DEBUG o.s.web.client.RestTemplate - Response 200 OK
2025-11-14 00:10:24 [DiscoveryClient-CacheRefreshExecutor-%d] DEBUG o.s.web.client.RestTemplate - Reading to [org.springframework.cloud.netflix.eureka.http.EurekaApplications]
2025-11-14 00:10:46 [DiscoveryClient-HeartbeatExecutor-%d] DEBUG o.s.web.client.RestTemplate - HTTP PUT http://localhost:8761/eureka/apps/APIREST-SERVICES/apirest-services:8083?status=UP&lastDirtyTimestamp=1763089275623
2025-11-14 00:10:46 [DiscoveryClient-HeartbeatExecutor-%d] DEBUG o.s.web.client.RestTemplate - Accept=[application/json, application/yaml, application/*+json]
2025-11-14 00:10:46 [DiscoveryClient-HeartbeatExecutor-%d] DEBUG o.s.web.client.RestTemplate - Response 200 OK
2025-11-14 00:10:50 [http-nio-8083-exec-1] INFO  o.a.c.c.C.[Tomcat].[localhost].[/] - Initializing Spring DispatcherServlet 'dispatcherServlet'
2025-11-14 00:10:50 [http-nio-8083-exec-1] INFO  o.s.web.servlet.DispatcherServlet - Initializing Servlet 'dispatcherServlet'
2025-11-14 00:10:50 [http-nio-8083-exec-1] DEBUG o.s.web.servlet.DispatcherServlet - Detected StandardServletMultipartResolver
2025-11-14 00:10:50 [http-nio-8083-exec-1] DEBUG o.s.web.servlet.DispatcherServlet - Detected AcceptHeaderLocaleResolver
2025-11-14 00:10:50 [http-nio-8083-exec-1] DEBUG o.s.web.servlet.DispatcherServlet - Detected FixedThemeResolver
2025-11-14 00:10:50 [http-nio-8083-exec-1] DEBUG o.s.web.servlet.DispatcherServlet - Detected org.springframework.web.servlet.view.DefaultRequestToViewNameTranslator@8987f7e
2025-11-14 00:10:50 [http-nio-8083-exec-1] DEBUG o.s.web.servlet.DispatcherServlet - Detected org.springframework.web.servlet.support.SessionFlashMapManager@3255bfda
2025-11-14 00:10:50 [http-nio-8083-exec-1] DEBUG o.s.web.servlet.DispatcherServlet - enableLoggingRequestDetails='false': request parameters and headers will be masked to prevent unsafe logging of potentially sensitive data
2025-11-14 00:10:50 [http-nio-8083-exec-1] INFO  o.s.web.servlet.DispatcherServlet - Completed initialization in 7 ms
2025-11-14 00:10:51 [http-nio-8083-exec-1] DEBUG o.s.web.servlet.DispatcherServlet - GET "/services", parameters={}
2025-11-14 00:10:51 [http-nio-8083-exec-1] DEBUG o.s.w.s.m.m.a.RequestMappingHandlerMapping - Mapped to org.example.cuidadodemascotas.servicemicroservice.apis.controller.ServiceController#getServices(Long, Long, Double, Double, Integer, Integer)
2025-11-14 00:10:51 [http-nio-8083-exec-1] INFO  o.e.c.s.a.c.ServiceController - GET /services - Filters: carerId=null, typeId=null, price=null-null, page=0, size=10
2025-11-14 00:10:51 [http-nio-8083-exec-1] DEBUG o.e.c.s.apis.service.ServiceService - Filtering services - carerId: null, typeId: null, price: null-null
2025-11-14 00:10:52 [http-nio-8083-exec-1] DEBUG org.hibernate.SQL - 
    select
        s1_0.id_service,
        s1_0.active,
        s1_0.fk_carer,
        s1_0.created_at,
        s1_0.description,
        s1_0.price,
        s1_0.fk_service_type,
        s1_0.updated_at 
    from
        public.services s1_0 
    where
        s1_0.active=true 
    order by
        s1_0.id_service desc 
    fetch
        first ? rows only
2025-11-14 00:10:52 [http-nio-8083-exec-1] DEBUG o.s.w.s.m.m.a.HttpEntityMethodProcessor - Using 'application/json', given [*/*] and supported [application/json]
2025-11-14 00:10:52 [http-nio-8083-exec-1] DEBUG o.s.w.s.m.m.a.HttpEntityMethodProcessor - Writing [class ServicePageResponse {<EOL>    content: [class ServiceResponseDTO {<EOL>        id: 12<EOL>        carerId: (truncated)...]
2025-11-14 00:10:52 [http-nio-8083-exec-1] DEBUG o.s.web.servlet.DispatcherServlet - Completed 200 OK
2025-11-14 00:10:54 [DiscoveryClient-CacheRefreshExecutor-%d] DEBUG o.s.web.client.RestTemplate - HTTP GET http://localhost:8761/eureka/apps/delta
2025-11-14 00:10:54 [DiscoveryClient-CacheRefreshExecutor-%d] DEBUG o.s.web.client.RestTemplate - Accept=[application/json, application/yaml, application/*+json]
2025-11-14 00:10:54 [DiscoveryClient-CacheRefreshExecutor-%d] DEBUG o.s.web.client.RestTemplate - Response 200 OK
2025-11-14 00:10:54 [DiscoveryClient-CacheRefreshExecutor-%d] DEBUG o.s.web.client.RestTemplate - Reading to [org.springframework.cloud.netflix.eureka.http.EurekaApplications]
2025-11-14 00:11:16 [DiscoveryClient-HeartbeatExecutor-%d] DEBUG o.s.web.client.RestTemplate - HTTP PUT http://localhost:8761/eureka/apps/APIREST-SERVICES/apirest-services:8083?status=UP&lastDirtyTimestamp=1763089275623
2025-11-14 00:11:16 [DiscoveryClient-HeartbeatExecutor-%d] DEBUG o.s.web.client.RestTemplate - Accept=[application/json, application/yaml, application/*+json]
2025-11-14 00:11:16 [DiscoveryClient-HeartbeatExecutor-%d] DEBUG o.s.web.client.RestTemplate - Response 200 OK
2025-11-14 00:11:24 [DiscoveryClient-CacheRefreshExecutor-%d] DEBUG o.s.web.client.RestTemplate - HTTP GET http://localhost:8761/eureka/apps/delta
2025-11-14 00:11:24 [DiscoveryClient-CacheRefreshExecutor-%d] DEBUG o.s.web.client.RestTemplate - Accept=[application/json, application/yaml, application/*+json]
2025-11-14 00:11:24 [DiscoveryClient-CacheRefreshExecutor-%d] DEBUG o.s.web.client.RestTemplate - Response 200 OK
2025-11-14 00:11:24 [DiscoveryClient-CacheRefreshExecutor-%d] DEBUG o.s.web.client.RestTemplate - Reading to [org.springframework.cloud.netflix.eureka.http.EurekaApplications]
2025-11-14 00:11:46 [DiscoveryClient-HeartbeatExecutor-%d] DEBUG o.s.web.client.RestTemplate - HTTP PUT http://localhost:8761/eureka/apps/APIREST-SERVICES/apirest-services:8083?status=UP&lastDirtyTimestamp=1763089275623
2025-11-14 00:11:46 [DiscoveryClient-HeartbeatExecutor-%d] DEBUG o.s.web.client.RestTemplate - Accept=[application/json, application/yaml, application/*+json]
2025-11-14 00:11:46 [DiscoveryClient-HeartbeatExecutor-%d] DEBUG o.s.web.client.RestTemplate - Response 200 OK
2025-11-14 00:11:55 [DiscoveryClient-CacheRefreshExecutor-%d] DEBUG o.s.web.client.RestTemplate - HTTP GET http://localhost:8761/eureka/apps/delta
2025-11-14 00:11:55 [DiscoveryClient-CacheRefreshExecutor-%d] DEBUG o.s.web.client.RestTemplate - Accept=[application/json, application/yaml, application/*+json]
2025-11-14 00:11:55 [DiscoveryClient-CacheRefreshExecutor-%d] DEBUG o.s.web.client.RestTemplate - Response 200 OK
2025-11-14 00:11:55 [DiscoveryClient-CacheRefreshExecutor-%d] DEBUG o.s.web.client.RestTemplate - Reading to [org.springframework.cloud.netflix.eureka.http.EurekaApplications]
2025-11-14 00:11:58 [http-nio-8083-exec-3] DEBUG o.s.web.servlet.DispatcherServlet - GET "/services", parameters={}
2025-11-14 00:11:58 [http-nio-8083-exec-3] DEBUG o.s.w.s.m.m.a.RequestMappingHandlerMapping - Mapped to org.example.cuidadodemascotas.servicemicroservice.apis.controller.ServiceController#getServices(Long, Long, Double, Double, Integer, Integer)
2025-11-14 00:11:58 [http-nio-8083-exec-3] INFO  o.e.c.s.a.c.ServiceController - GET /services - Filters: carerId=null, typeId=null, price=null-null, page=0, size=10
2025-11-14 00:11:58 [http-nio-8083-exec-3] DEBUG o.e.c.s.apis.service.ServiceService - Filtering services - carerId: null, typeId: null, price: null-null
2025-11-14 00:11:58 [http-nio-8083-exec-3] DEBUG org.hibernate.SQL - 
    select
        s1_0.id_service,
        s1_0.active,
        s1_0.fk_carer,
        s1_0.created_at,
        s1_0.description,
        s1_0.price,
        s1_0.fk_service_type,
        s1_0.updated_at 
    from
        public.services s1_0 
    where
        s1_0.active=true 
    order by
        s1_0.id_service desc 
    fetch
        first ? rows only
2025-11-14 00:11:58 [http-nio-8083-exec-3] DEBUG o.s.w.s.m.m.a.HttpEntityMethodProcessor - Using 'application/json', given [*/*] and supported [application/json]
2025-11-14 00:11:58 [http-nio-8083-exec-3] DEBUG o.s.w.s.m.m.a.HttpEntityMethodProcessor - Writing [class ServicePageResponse {<EOL>    content: [class ServiceResponseDTO {<EOL>        id: 12<EOL>        carerId: (truncated)...]
2025-11-14 00:11:58 [http-nio-8083-exec-3] DEBUG o.s.web.servlet.DispatcherServlet - Completed 200 OK
2025-11-14 00:11:59 [AsyncResolver-bootstrap-executor-%d] INFO  c.n.d.s.r.aws.ConfigClusterResolver - Resolving eureka endpoints via configuration
2025-11-14 00:12:09 [http-nio-8083-exec-4] DEBUG o.s.web.servlet.DispatcherServlet - GET "/service-types", parameters={}
2025-11-14 00:12:09 [http-nio-8083-exec-4] DEBUG o.s.w.s.m.m.a.RequestMappingHandlerMapping - Mapped to org.example.cuidadodemascotas.servicemicroservice.apis.controller.ServiceTypeController#getServiceTypes(Integer, Integer)
2025-11-14 00:12:09 [http-nio-8083-exec-4] INFO  o.e.c.s.a.c.ServiceTypeController - GET /service-types - Getting service types (page: 0, size: 20)
2025-11-14 00:12:09 [http-nio-8083-exec-4] DEBUG o.e.c.s.a.service.ServiceTypeService - Finding all service types (page: 0, size: 20, sort: null)
2025-11-14 00:12:09 [http-nio-8083-exec-4] DEBUG org.hibernate.SQL - 
    select
        st1_0.id_service_type,
        st1_0.name 
    from
        public.service_types st1_0 
    order by
        st1_0.name 
    offset
        ? rows 
    fetch
        first ? rows only
2025-11-14 00:12:10 [http-nio-8083-exec-4] DEBUG o.e.c.s.a.c.ServiceTypeController - Returning 6 service types
2025-11-14 00:12:10 [http-nio-8083-exec-4] DEBUG o.s.w.s.m.m.a.HttpEntityMethodProcessor - Using 'application/json', given [*/*] and supported [application/json]
2025-11-14 00:12:10 [http-nio-8083-exec-4] DEBUG o.s.w.s.m.m.a.HttpEntityMethodProcessor - Writing [class ServiceTypePageResponse {<EOL>    content: [class ServiceTypeResponseDTO {<EOL>        id: 3<EOL>        n (truncated)...]
2025-11-14 00:12:10 [http-nio-8083-exec-4] DEBUG o.s.web.servlet.DispatcherServlet - Completed 200 OK
2025-11-14 00:12:16 [DiscoveryClient-HeartbeatExecutor-%d] DEBUG o.s.web.client.RestTemplate - HTTP PUT http://localhost:8761/eureka/apps/APIREST-SERVICES/apirest-services:8083?status=UP&lastDirtyTimestamp=1763089275623
2025-11-14 00:12:16 [DiscoveryClient-HeartbeatExecutor-%d] DEBUG o.s.web.client.RestTemplate - Accept=[application/json, application/yaml, application/*+json]
2025-11-14 00:12:16 [DiscoveryClient-HeartbeatExecutor-%d] DEBUG o.s.web.client.RestTemplate - Response 200 OK
2025-11-14 00:12:25 [DiscoveryClient-CacheRefreshExecutor-%d] DEBUG o.s.web.client.RestTemplate - HTTP GET http://localhost:8761/eureka/apps/delta
2025-11-14 00:12:25 [DiscoveryClient-CacheRefreshExecutor-%d] DEBUG o.s.web.client.RestTemplate - Accept=[application/json, application/yaml, application/*+json]
2025-11-14 00:12:25 [DiscoveryClient-CacheRefreshExecutor-%d] DEBUG o.s.web.client.RestTemplate - Response 200 OK
2025-11-14 00:12:25 [DiscoveryClient-CacheRefreshExecutor-%d] DEBUG o.s.web.client.RestTemplate - Reading to [org.springframework.cloud.netflix.eureka.http.EurekaApplications]
2025-11-14 00:12:46 [DiscoveryClient-HeartbeatExecutor-%d] DEBUG o.s.web.client.RestTemplate - HTTP PUT http://localhost:8761/eureka/apps/APIREST-SERVICES/apirest-services:8083?status=UP&lastDirtyTimestamp=1763089275623
2025-11-14 00:12:46 [DiscoveryClient-HeartbeatExecutor-%d] DEBUG o.s.web.client.RestTemplate - Accept=[application/json, application/yaml, application/*+json]
2025-11-14 00:12:46 [DiscoveryClient-HeartbeatExecutor-%d] DEBUG o.s.web.client.RestTemplate - Response 200 OK
2025-11-14 00:12:55 [DiscoveryClient-CacheRefreshExecutor-%d] DEBUG o.s.web.client.RestTemplate - HTTP GET http://localhost:8761/eureka/apps/delta
2025-11-14 00:12:55 [DiscoveryClient-CacheRefreshExecutor-%d] DEBUG o.s.web.client.RestTemplate - Accept=[application/json, application/yaml, application/*+json]
2025-11-14 00:12:55 [DiscoveryClient-CacheRefreshExecutor-%d] DEBUG o.s.web.client.RestTemplate - Response 200 OK
2025-11-14 00:12:55 [DiscoveryClient-CacheRefreshExecutor-%d] DEBUG o.s.web.client.RestTemplate - Reading to [org.springframework.cloud.netflix.eureka.http.EurekaApplications]
2025-11-14 00:12:58 [http-nio-8083-exec-5] DEBUG o.s.web.servlet.DispatcherServlet - GET "/services", parameters={}
2025-11-14 00:12:58 [http-nio-8083-exec-5] DEBUG o.s.w.s.m.m.a.RequestMappingHandlerMapping - Mapped to org.example.cuidadodemascotas.servicemicroservice.apis.controller.ServiceController#getServices(Long, Long, Double, Double, Integer, Integer)
2025-11-14 00:12:58 [http-nio-8083-exec-5] INFO  o.e.c.s.a.c.ServiceController - GET /services - Filters: carerId=null, typeId=null, price=null-null, page=0, size=10
2025-11-14 00:12:58 [http-nio-8083-exec-5] DEBUG o.e.c.s.apis.service.ServiceService - Filtering services - carerId: null, typeId: null, price: null-null
2025-11-14 00:12:58 [http-nio-8083-exec-5] DEBUG org.hibernate.SQL - 
    select
        s1_0.id_service,
        s1_0.active,
        s1_0.fk_carer,
        s1_0.created_at,
        s1_0.description,
        s1_0.price,
        s1_0.fk_service_type,
        s1_0.updated_at 
    from
        public.services s1_0 
    where
        s1_0.active=true 
    order by
        s1_0.id_service desc 
    fetch
        first ? rows only
2025-11-14 00:12:58 [http-nio-8083-exec-5] DEBUG o.s.w.s.m.m.a.HttpEntityMethodProcessor - Using 'application/json', given [*/*] and supported [application/json]
2025-11-14 00:12:58 [http-nio-8083-exec-5] DEBUG o.s.w.s.m.m.a.HttpEntityMethodProcessor - Writing [class ServicePageResponse {<EOL>    content: [class ServiceResponseDTO {<EOL>        id: 12<EOL>        carerId: (truncated)...]
2025-11-14 00:12:58 [http-nio-8083-exec-5] DEBUG o.s.web.servlet.DispatcherServlet - Completed 200 OK
2025-11-14 00:13:14 [http-nio-8083-exec-6] DEBUG o.s.web.servlet.DispatcherServlet - GET "/service-types/1", parameters={}
2025-11-14 00:13:14 [http-nio-8083-exec-6] DEBUG o.s.w.s.m.m.a.RequestMappingHandlerMapping - Mapped to org.example.cuidadodemascotas.servicemicroservice.apis.controller.ServiceTypeController#getServiceTypeById(Long)
2025-11-14 00:13:15 [http-nio-8083-exec-6] INFO  o.e.c.s.a.c.ServiceTypeController - GET /service-types/1 - Getting service type by id
2025-11-14 00:13:15 [http-nio-8083-exec-6] DEBUG o.e.c.s.a.service.ServiceTypeService - Finding service type by id: 1
2025-11-14 00:13:15 [http-nio-8083-exec-6] DEBUG org.hibernate.SQL - 
    select
        st1_0.id_service_type,
        st1_0.name 
    from
        public.service_types st1_0 
    where
        st1_0.id_service_type=?
2025-11-14 00:13:15 [http-nio-8083-exec-6] DEBUG o.s.w.s.m.m.a.HttpEntityMethodProcessor - Using 'application/json', given [*/*] and supported [application/json]
2025-11-14 00:13:15 [http-nio-8083-exec-6] DEBUG o.s.w.s.m.m.a.HttpEntityMethodProcessor - Writing [class ServiceTypeResponseDTO {<EOL>    id: 1<EOL>    name: Paseo de mascotas<EOL>}]
2025-11-14 00:13:15 [http-nio-8083-exec-6] DEBUG o.s.web.servlet.DispatcherServlet - Completed 200 OK
2025-11-14 00:13:16 [DiscoveryClient-HeartbeatExecutor-%d] DEBUG o.s.web.client.RestTemplate - HTTP PUT http://localhost:8761/eureka/apps/APIREST-SERVICES/apirest-services:8083?status=UP&lastDirtyTimestamp=1763089275623
2025-11-14 00:13:16 [DiscoveryClient-HeartbeatExecutor-%d] DEBUG o.s.web.client.RestTemplate - Accept=[application/json, application/yaml, application/*+json]
2025-11-14 00:13:16 [DiscoveryClient-HeartbeatExecutor-%d] DEBUG o.s.web.client.RestTemplate - Response 200 OK
2025-11-14 00:13:25 [DiscoveryClient-CacheRefreshExecutor-%d] DEBUG o.s.web.client.RestTemplate - HTTP GET http://localhost:8761/eureka/apps/delta
2025-11-14 00:13:25 [DiscoveryClient-CacheRefreshExecutor-%d] DEBUG o.s.web.client.RestTemplate - Accept=[application/json, application/yaml, application/*+json]
2025-11-14 00:13:25 [DiscoveryClient-CacheRefreshExecutor-%d] DEBUG o.s.web.client.RestTemplate - Response 200 OK
2025-11-14 00:13:25 [DiscoveryClient-CacheRefreshExecutor-%d] DEBUG o.s.web.client.RestTemplate - Reading to [org.springframework.cloud.netflix.eureka.http.EurekaApplications]
2025-11-14 00:13:46 [DiscoveryClient-HeartbeatExecutor-%d] DEBUG o.s.web.client.RestTemplate - HTTP PUT http://localhost:8761/eureka/apps/APIREST-SERVICES/apirest-services:8083?status=UP&lastDirtyTimestamp=1763089275623
2025-11-14 00:13:46 [DiscoveryClient-HeartbeatExecutor-%d] DEBUG o.s.web.client.RestTemplate - Accept=[application/json, application/yaml, application/*+json]
2025-11-14 00:13:46 [DiscoveryClient-HeartbeatExecutor-%d] DEBUG o.s.web.client.RestTemplate - Response 200 OK
2025-11-14 00:13:55 [DiscoveryClient-CacheRefreshExecutor-%d] DEBUG o.s.web.client.RestTemplate - HTTP GET http://localhost:8761/eureka/apps/delta
2025-11-14 00:13:55 [DiscoveryClient-CacheRefreshExecutor-%d] DEBUG o.s.web.client.RestTemplate - Accept=[application/json, application/yaml, application/*+json]
2025-11-14 00:13:55 [DiscoveryClient-CacheRefreshExecutor-%d] DEBUG o.s.web.client.RestTemplate - Response 200 OK
2025-11-14 00:13:55 [DiscoveryClient-CacheRefreshExecutor-%d] DEBUG o.s.web.client.RestTemplate - Reading to [org.springframework.cloud.netflix.eureka.http.EurekaApplications]
2025-11-14 00:14:12 [http-nio-8083-exec-7] DEBUG o.s.web.servlet.DispatcherServlet - GET "/services/1", parameters={}
2025-11-14 00:14:12 [http-nio-8083-exec-7] DEBUG o.s.w.s.m.m.a.RequestMappingHandlerMapping - Mapped to org.example.cuidadodemascotas.servicemicroservice.apis.controller.ServiceController#getServiceById(Long)
2025-11-14 00:14:12 [http-nio-8083-exec-7] INFO  o.e.c.s.a.c.ServiceController - GET /services/1
2025-11-14 00:14:12 [http-nio-8083-exec-7] DEBUG o.e.c.s.apis.service.ServiceService - Finding service by id: 1
2025-11-14 00:14:12 [http-nio-8083-exec-7] DEBUG o.e.c.s.a.s.AbstractBaseService - Finding Service by id: 1
2025-11-14 00:14:12 [http-nio-8083-exec-7] DEBUG org.hibernate.SQL - 
    select
        s1_0.id_service,
        s1_0.active,
        s1_0.fk_carer,
        s1_0.created_at,
        s1_0.description,
        s1_0.price,
        s1_0.fk_service_type,
        s1_0.updated_at 
    from
        public.services s1_0 
    where
        s1_0.id_service=? 
        and s1_0.active
2025-11-14 00:14:12 [http-nio-8083-exec-7] DEBUG o.s.w.s.m.m.a.HttpEntityMethodProcessor - Using 'application/json', given [*/*] and supported [application/json]
2025-11-14 00:14:12 [http-nio-8083-exec-7] DEBUG o.s.w.s.m.m.a.HttpEntityMethodProcessor - Writing [class ServiceResponseDTO {<EOL>    id: 1<EOL>    carerId: 7<EOL>    serviceTypeId: 1<EOL>    description: Paseo por  (truncated)...]
2025-11-14 00:14:12 [http-nio-8083-exec-7] DEBUG o.s.web.servlet.DispatcherServlet - Completed 200 OK
2025-11-14 00:14:16 [DiscoveryClient-HeartbeatExecutor-%d] DEBUG o.s.web.client.RestTemplate - HTTP PUT http://localhost:8761/eureka/apps/APIREST-SERVICES/apirest-services:8083?status=UP&lastDirtyTimestamp=1763089275623
2025-11-14 00:14:16 [DiscoveryClient-HeartbeatExecutor-%d] DEBUG o.s.web.client.RestTemplate - Accept=[application/json, application/yaml, application/*+json]
2025-11-14 00:14:16 [DiscoveryClient-HeartbeatExecutor-%d] DEBUG o.s.web.client.RestTemplate - Response 200 OK
2025-11-14 00:14:25 [DiscoveryClient-CacheRefreshExecutor-%d] DEBUG o.s.web.client.RestTemplate - HTTP GET http://localhost:8761/eureka/apps/delta
2025-11-14 00:14:25 [DiscoveryClient-CacheRefreshExecutor-%d] DEBUG o.s.web.client.RestTemplate - Accept=[application/json, application/yaml, application/*+json]
2025-11-14 00:14:25 [DiscoveryClient-CacheRefreshExecutor-%d] DEBUG o.s.web.client.RestTemplate - Response 200 OK
2025-11-14 00:14:25 [DiscoveryClient-CacheRefreshExecutor-%d] DEBUG o.s.web.client.RestTemplate - Reading to [org.springframework.cloud.netflix.eureka.http.EurekaApplications]
2025-11-14 00:14:46 [DiscoveryClient-HeartbeatExecutor-%d] DEBUG o.s.web.client.RestTemplate - HTTP PUT http://localhost:8761/eureka/apps/APIREST-SERVICES/apirest-services:8083?status=UP&lastDirtyTimestamp=1763089275623
2025-11-14 00:14:46 [DiscoveryClient-HeartbeatExecutor-%d] DEBUG o.s.web.client.RestTemplate - Accept=[application/json, application/yaml, application/*+json]
2025-11-14 00:14:46 [DiscoveryClient-HeartbeatExecutor-%d] DEBUG o.s.web.client.RestTemplate - Response 200 OK
2025-11-14 00:14:55 [DiscoveryClient-CacheRefreshExecutor-%d] DEBUG o.s.web.client.RestTemplate - HTTP GET http://localhost:8761/eureka/apps/delta
2025-11-14 00:14:55 [DiscoveryClient-CacheRefreshExecutor-%d] DEBUG o.s.web.client.RestTemplate - Accept=[application/json, application/yaml, application/*+json]
2025-11-14 00:14:55 [DiscoveryClient-CacheRefreshExecutor-%d] DEBUG o.s.web.client.RestTemplate - Response 200 OK
2025-11-14 00:14:55 [DiscoveryClient-CacheRefreshExecutor-%d] DEBUG o.s.web.client.RestTemplate - Reading to [org.springframework.cloud.netflix.eureka.http.EurekaApplications]
2025-11-14 00:15:16 [DiscoveryClient-HeartbeatExecutor-%d] DEBUG o.s.web.client.RestTemplate - HTTP PUT http://localhost:8761/eureka/apps/APIREST-SERVICES/apirest-services:8083?status=UP&lastDirtyTimestamp=1763089275623
2025-11-14 00:15:16 [DiscoveryClient-HeartbeatExecutor-%d] DEBUG o.s.web.client.RestTemplate - Accept=[application/json, application/yaml, application/*+json]
2025-11-14 00:15:16 [DiscoveryClient-HeartbeatExecutor-%d] DEBUG o.s.web.client.RestTemplate - Response 200 OK
2025-11-14 00:15:25 [DiscoveryClient-CacheRefreshExecutor-%d] DEBUG o.s.web.client.RestTemplate - HTTP GET http://localhost:8761/eureka/apps/delta
2025-11-14 00:15:25 [DiscoveryClient-CacheRefreshExecutor-%d] DEBUG o.s.web.client.RestTemplate - Accept=[application/json, application/yaml, application/*+json]
2025-11-14 00:15:25 [DiscoveryClient-CacheRefreshExecutor-%d] DEBUG o.s.web.client.RestTemplate - Response 200 OK
2025-11-14 00:15:25 [DiscoveryClient-CacheRefreshExecutor-%d] DEBUG o.s.web.client.RestTemplate - Reading to [org.springframework.cloud.netflix.eureka.http.EurekaApplications]
2025-11-14 00:15:46 [DiscoveryClient-HeartbeatExecutor-%d] DEBUG o.s.web.client.RestTemplate - HTTP PUT http://localhost:8761/eureka/apps/APIREST-SERVICES/apirest-services:8083?status=UP&lastDirtyTimestamp=1763089275623
2025-11-14 00:15:46 [DiscoveryClient-HeartbeatExecutor-%d] DEBUG o.s.web.client.RestTemplate - Accept=[application/json, application/yaml, application/*+json]
2025-11-14 00:15:46 [DiscoveryClient-HeartbeatExecutor-%d] DEBUG o.s.web.client.RestTemplate - Response 200 OK
2025-11-14 00:15:55 [DiscoveryClient-CacheRefreshExecutor-%d] DEBUG o.s.web.client.RestTemplate - HTTP GET http://localhost:8761/eureka/apps/delta
2025-11-14 00:15:55 [DiscoveryClient-CacheRefreshExecutor-%d] DEBUG o.s.web.client.RestTemplate - Accept=[application/json, application/yaml, application/*+json]
2025-11-14 00:15:55 [DiscoveryClient-CacheRefreshExecutor-%d] DEBUG o.s.web.client.RestTemplate - Response 200 OK
2025-11-14 00:15:55 [DiscoveryClient-CacheRefreshExecutor-%d] DEBUG o.s.web.client.RestTemplate - Reading to [org.springframework.cloud.netflix.eureka.http.EurekaApplications]
2025-11-14 00:16:16 [DiscoveryClient-HeartbeatExecutor-%d] DEBUG o.s.web.client.RestTemplate - HTTP PUT http://localhost:8761/eureka/apps/APIREST-SERVICES/apirest-services:8083?status=UP&lastDirtyTimestamp=1763089275623
2025-11-14 00:16:16 [DiscoveryClient-HeartbeatExecutor-%d] DEBUG o.s.web.client.RestTemplate - Accept=[application/json, application/yaml, application/*+json]
2025-11-14 00:16:16 [DiscoveryClient-HeartbeatExecutor-%d] DEBUG o.s.web.client.RestTemplate - Response 200 OK
2025-11-14 00:16:25 [DiscoveryClient-CacheRefreshExecutor-%d] DEBUG o.s.web.client.RestTemplate - HTTP GET http://localhost:8761/eureka/apps/delta
2025-11-14 00:16:25 [DiscoveryClient-CacheRefreshExecutor-%d] DEBUG o.s.web.client.RestTemplate - Accept=[application/json, application/yaml, application/*+json]
2025-11-14 00:16:25 [DiscoveryClient-CacheRefreshExecutor-%d] DEBUG o.s.web.client.RestTemplate - Response 200 OK
2025-11-14 00:16:25 [DiscoveryClient-CacheRefreshExecutor-%d] DEBUG o.s.web.client.RestTemplate - Reading to [org.springframework.cloud.netflix.eureka.http.EurekaApplications]
2025-11-14 00:16:46 [DiscoveryClient-HeartbeatExecutor-%d] DEBUG o.s.web.client.RestTemplate - HTTP PUT http://localhost:8761/eureka/apps/APIREST-SERVICES/apirest-services:8083?status=UP&lastDirtyTimestamp=1763089275623
2025-11-14 00:16:46 [DiscoveryClient-HeartbeatExecutor-%d] DEBUG o.s.web.client.RestTemplate - Accept=[application/json, application/yaml, application/*+json]
2025-11-14 00:16:46 [DiscoveryClient-HeartbeatExecutor-%d] DEBUG o.s.web.client.RestTemplate - Response 200 OK
2025-11-14 00:16:55 [DiscoveryClient-CacheRefreshExecutor-%d] DEBUG o.s.web.client.RestTemplate - HTTP GET http://localhost:8761/eureka/apps/delta
2025-11-14 00:16:55 [DiscoveryClient-CacheRefreshExecutor-%d] DEBUG o.s.web.client.RestTemplate - Accept=[application/json, application/yaml, application/*+json]
2025-11-14 00:16:55 [DiscoveryClient-CacheRefreshExecutor-%d] DEBUG o.s.web.client.RestTemplate - Response 200 OK
2025-11-14 00:16:55 [DiscoveryClient-CacheRefreshExecutor-%d] DEBUG o.s.web.client.RestTemplate - Reading to [org.springframework.cloud.netflix.eureka.http.EurekaApplications]
2025-11-14 00:16:59 [AsyncResolver-bootstrap-executor-%d] INFO  c.n.d.s.r.aws.ConfigClusterResolver - Resolving eureka endpoints via configuration
2025-11-14 00:17:16 [DiscoveryClient-HeartbeatExecutor-%d] DEBUG o.s.web.client.RestTemplate - HTTP PUT http://localhost:8761/eureka/apps/APIREST-SERVICES/apirest-services:8083?status=UP&lastDirtyTimestamp=1763089275623
2025-11-14 00:17:16 [DiscoveryClient-HeartbeatExecutor-%d] DEBUG o.s.web.client.RestTemplate - Accept=[application/json, application/yaml, application/*+json]
2025-11-14 00:17:16 [DiscoveryClient-HeartbeatExecutor-%d] DEBUG o.s.web.client.RestTemplate - Response 200 OK
2025-11-14 00:17:25 [DiscoveryClient-CacheRefreshExecutor-%d] DEBUG o.s.web.client.RestTemplate - HTTP GET http://localhost:8761/eureka/apps/delta
2025-11-14 00:17:25 [DiscoveryClient-CacheRefreshExecutor-%d] DEBUG o.s.web.client.RestTemplate - Accept=[application/json, application/yaml, application/*+json]
2025-11-14 00:17:25 [DiscoveryClient-CacheRefreshExecutor-%d] DEBUG o.s.web.client.RestTemplate - Response 200 OK
2025-11-14 00:17:25 [DiscoveryClient-CacheRefreshExecutor-%d] DEBUG o.s.web.client.RestTemplate - Reading to [org.springframework.cloud.netflix.eureka.http.EurekaApplications]
2025-11-14 00:17:29 [SpringApplicationShutdownHook] INFO  o.s.c.n.e.s.EurekaServiceRegistry - Unregistering application APIREST-SERVICES with eureka with status DOWN
2025-11-14 00:17:29 [SpringApplicationShutdownHook] INFO  c.netflix.discovery.DiscoveryClient - Saw local status change event StatusChangeEvent [timestamp=1763090249414, current=DOWN, previous=UP]
2025-11-14 00:17:29 [SpringApplicationShutdownHook] DEBUG o.s.d.r.l.RedisMessageListenerContainer - Stopped RedisMessageListenerContainer
2025-11-14 00:17:29 [SpringApplicationShutdownHook] INFO  o.s.b.w.e.tomcat.GracefulShutdown - Commencing graceful shutdown. Waiting for active requests to complete
2025-11-14 00:17:29 [tomcat-shutdown] INFO  o.s.b.w.e.tomcat.GracefulShutdown - Graceful shutdown complete
2025-11-14 00:17:29 [boundedElastic-1] WARN  o.s.b.a.d.r.RedisReactiveHealthIndicator - Redis health check failed
java.lang.IllegalStateException: LettuceConnectionFactory is STOPPING
	at org.springframework.data.redis.connection.lettuce.LettuceConnectionFactory.assertStarted(LettuceConnectionFactory.java:1460)
	at org.springframework.data.redis.connection.lettuce.LettuceConnectionFactory.getReactiveConnection(LettuceConnectionFactory.java:1150)
	at org.springframework.data.redis.connection.lettuce.LettuceConnectionFactory.getReactiveConnection(LettuceConnectionFactory.java:121)
	at reactor.core.publisher.MonoSupplier.call(MonoSupplier.java:67)
	at reactor.core.publisher.FluxSubscribeOnCallable$CallableSubscribeOnSubscription.run(FluxSubscribeOnCallable.java:228)
	at reactor.core.scheduler.SchedulerTask.call(SchedulerTask.java:68)
	at reactor.core.scheduler.SchedulerTask.call(SchedulerTask.java:28)
	at java.base/java.util.concurrent.FutureTask.run(FutureTask.java:317)
	at java.base/java.util.concurrent.ScheduledThreadPoolExecutor$ScheduledFutureTask.run(ScheduledThreadPoolExecutor.java:304)
	at java.base/java.util.concurrent.ThreadPoolExecutor.runWorker(ThreadPoolExecutor.java:1144)
	at java.base/java.util.concurrent.ThreadPoolExecutor$Worker.run(ThreadPoolExecutor.java:642)
	at java.base/java.lang.Thread.run(Thread.java:1583)
2025-11-14 00:17:29 [DiscoveryClient-InstanceInfoReplicator-%d] INFO  c.netflix.discovery.DiscoveryClient - DiscoveryClient_APIREST-SERVICES/apirest-services:8083: registering service...
2025-11-14 00:17:29 [DiscoveryClient-InstanceInfoReplicator-%d] DEBUG o.s.web.client.RestTemplate - HTTP POST http://localhost:8761/eureka/apps/APIREST-SERVICES
2025-11-14 00:17:29 [DiscoveryClient-InstanceInfoReplicator-%d] DEBUG o.s.web.client.RestTemplate - Accept=[application/json, application/yaml, application/*+json]
2025-11-14 00:17:29 [DiscoveryClient-InstanceInfoReplicator-%d] DEBUG o.s.web.client.RestTemplate - Writing [InstanceInfo [instanceId = apirest-services:8083, appName = APIREST-SERVICES, hostName = 127.0.0.1, status = DOWN, ipAddr = 127.0.0.1, port = 8083, securePort = 443, dataCenterInfo = com.netflix.appinfo.MyDataCenterInfo@106d969e] as "application/json"
2025-11-14 00:17:29 [DiscoveryClient-InstanceInfoReplicator-%d] DEBUG o.s.web.client.RestTemplate - Response 204 NO_CONTENT
2025-11-14 00:17:29 [DiscoveryClient-InstanceInfoReplicator-%d] INFO  c.netflix.discovery.DiscoveryClient - DiscoveryClient_APIREST-SERVICES/apirest-services:8083 - registration status: 204
2025-11-14 00:17:29 [SpringApplicationShutdownHook] INFO  o.s.o.j.LocalContainerEntityManagerFactoryBean - Closing JPA EntityManagerFactory for persistence unit 'default'
2025-11-14 00:17:29 [SpringApplicationShutdownHook] INFO  com.zaxxer.hikari.HikariDataSource - HikariPool-1 - Shutdown initiated...
2025-11-14 00:17:30 [SpringApplicationShutdownHook] INFO  com.zaxxer.hikari.HikariDataSource - HikariPool-1 - Shutdown completed.
2025-11-14 00:17:30 [SpringApplicationShutdownHook] INFO  c.netflix.discovery.DiscoveryClient - Shutting down DiscoveryClient ...
2025-11-14 00:17:33 [SpringApplicationShutdownHook] INFO  c.netflix.discovery.DiscoveryClient - Unregistering ...
2025-11-14 00:17:33 [SpringApplicationShutdownHook] DEBUG o.s.web.client.RestTemplate - HTTP DELETE http://localhost:8761/eureka/apps/APIREST-SERVICES/apirest-services:8083
2025-11-14 00:17:33 [SpringApplicationShutdownHook] DEBUG o.s.web.client.RestTemplate - Accept=[application/json, application/yaml, application/*+json]
2025-11-14 00:17:33 [SpringApplicationShutdownHook] DEBUG o.s.web.client.RestTemplate - Response 200 OK
2025-11-14 00:17:33 [SpringApplicationShutdownHook] INFO  c.netflix.discovery.DiscoveryClient - DiscoveryClient_APIREST-SERVICES/apirest-services:8083 - deregister  status: 200
2025-11-14 00:17:33 [SpringApplicationShutdownHook] INFO  c.netflix.discovery.DiscoveryClient - Completed shut down of DiscoveryClient
2025-11-14 00:57:11 [restartedMain] INFO  o.e.c.s.ServiceMicroserviceApplication - Starting ServiceMicroserviceApplication using Java 21.0.8 with PID 13748 (C:\Users\usuario\IdeaProjects\service-microservice\target\classes started by usuario in C:\Users\usuario\IdeaProjects\service-microservice)
2025-11-14 00:57:11 [restartedMain] DEBUG o.e.c.s.ServiceMicroserviceApplication - Running with Spring Boot v3.5.5, Spring v6.2.10
2025-11-14 00:57:11 [restartedMain] INFO  o.e.c.s.ServiceMicroserviceApplication - No active profile set, falling back to 1 default profile: "default"
2025-11-14 00:57:11 [restartedMain] INFO  o.s.c.c.c.ConfigServerConfigDataLoader - Fetching config from server at : http://localhost:8888
2025-11-14 00:57:11 [restartedMain] INFO  o.s.c.c.c.ConfigServerConfigDataLoader - Exception on Url - http://localhost:8888:org.springframework.web.client.ResourceAccessException: I/O error on GET request for "http://localhost:8888/apirest-services/default": Connection refused: getsockopt. Will be trying the next url if available
2025-11-14 00:57:11 [restartedMain] WARN  o.s.c.c.c.ConfigServerConfigDataLoader - Could not locate PropertySource ([ConfigServerConfigDataResource@26ab66c6 uris = array<String>['http://localhost:8888'], optional = true, profiles = 'default']): I/O error on GET request for "http://localhost:8888/apirest-services/default": Connection refused: getsockopt
2025-11-14 00:57:11 [restartedMain] INFO  o.s.c.c.c.ConfigServerConfigDataLoader - Fetching config from server at : http://localhost:8888
2025-11-14 00:57:11 [restartedMain] INFO  o.s.c.c.c.ConfigServerConfigDataLoader - Exception on Url - http://localhost:8888:org.springframework.web.client.ResourceAccessException: I/O error on GET request for "http://localhost:8888/apirest-services/default": Connection refused: getsockopt. Will be trying the next url if available
2025-11-14 00:57:11 [restartedMain] WARN  o.s.c.c.c.ConfigServerConfigDataLoader - Could not locate PropertySource ([ConfigServerConfigDataResource@34196ae6 uris = array<String>['http://localhost:8888'], optional = true, profiles = 'default']): I/O error on GET request for "http://localhost:8888/apirest-services/default": Connection refused: getsockopt
2025-11-14 00:57:11 [restartedMain] INFO  o.s.c.c.c.ConfigServerConfigDataLoader - Fetching config from server at : http://localhost:8888
2025-11-14 00:57:11 [restartedMain] INFO  o.s.c.c.c.ConfigServerConfigDataLoader - Exception on Url - http://localhost:8888:org.springframework.web.client.ResourceAccessException: I/O error on GET request for "http://localhost:8888/apirest-services/default": Connection refused: getsockopt. Will be trying the next url if available
2025-11-14 00:57:11 [restartedMain] WARN  o.s.c.c.c.ConfigServerConfigDataLoader - Could not locate PropertySource ([ConfigServerConfigDataResource@2b39263 uris = array<String>['http://localhost:8888'], optional = true, profiles = 'default']): I/O error on GET request for "http://localhost:8888/apirest-services/default": Connection refused: getsockopt
2025-11-14 00:57:11 [restartedMain] INFO  o.s.b.d.e.DevToolsPropertyDefaultsPostProcessor - Devtools property defaults active! Set 'spring.devtools.add-properties' to 'false' to disable
2025-11-14 00:57:11 [restartedMain] INFO  o.s.b.d.e.DevToolsPropertyDefaultsPostProcessor - For additional web related logging consider setting the 'logging.level.web' property to 'DEBUG'
2025-11-14 00:57:15 [restartedMain] INFO  o.s.d.r.c.RepositoryConfigurationDelegate - Multiple Spring Data modules found, entering strict repository configuration mode
2025-11-14 00:57:15 [restartedMain] INFO  o.s.d.r.c.RepositoryConfigurationDelegate - Bootstrapping Spring Data JPA repositories in DEFAULT mode.
2025-11-14 00:57:15 [restartedMain] DEBUG o.s.d.r.c.RepositoryConfigurationDelegate - Scanning for JPA repositories in packages org.example.cuidadodemascotas.servicemicroservice.apis.repository.
2025-11-14 00:57:15 [restartedMain] DEBUG o.s.d.r.c.RepositoryComponentProvider - Identified candidate component class: file [C:\Users\usuario\IdeaProjects\service-microservice\target\classes\org\example\cuidadodemascotas\servicemicroservice\apis\repository\IServiceRepository.class]
2025-11-14 00:57:15 [restartedMain] DEBUG o.s.d.r.c.RepositoryComponentProvider - Identified candidate component class: file [C:\Users\usuario\IdeaProjects\service-microservice\target\classes\org\example\cuidadodemascotas\servicemicroservice\apis\repository\IServiceTypeRepository.class]
2025-11-14 00:57:15 [restartedMain] DEBUG o.s.d.r.c.RepositoryComponentProvider - Identified candidate component class: file [C:\Users\usuario\IdeaProjects\service-microservice\target\classes\org\example\cuidadodemascotas\servicemicroservice\apis\repository\IUserRepository.class]
2025-11-14 00:57:15 [restartedMain] INFO  o.s.d.r.c.RepositoryConfigurationDelegate - Finished Spring Data repository scanning in 383 ms. Found 3 JPA repository interfaces.
2025-11-14 00:57:16 [restartedMain] INFO  o.s.d.r.c.RepositoryConfigurationDelegate - Multiple Spring Data modules found, entering strict repository configuration mode
2025-11-14 00:57:16 [restartedMain] INFO  o.s.d.r.c.RepositoryConfigurationDelegate - Bootstrapping Spring Data Redis repositories in DEFAULT mode.
2025-11-14 00:57:16 [restartedMain] DEBUG o.s.d.r.c.RepositoryConfigurationDelegate - Scanning for Redis repositories in packages org.example.cuidadodemascotas.servicemicroservice.
2025-11-14 00:57:16 [restartedMain] DEBUG o.s.d.r.c.RepositoryComponentProvider - Identified candidate component class: file [C:\Users\usuario\IdeaProjects\service-microservice\target\classes\org\example\cuidadodemascotas\servicemicroservice\apis\repository\IServiceRepository.class]
2025-11-14 00:57:16 [restartedMain] DEBUG o.s.d.r.c.RepositoryComponentProvider - Identified candidate component class: file [C:\Users\usuario\IdeaProjects\service-microservice\target\classes\org\example\cuidadodemascotas\servicemicroservice\apis\repository\IServiceTypeRepository.class]
2025-11-14 00:57:16 [restartedMain] DEBUG o.s.d.r.c.RepositoryComponentProvider - Identified candidate component class: file [C:\Users\usuario\IdeaProjects\service-microservice\target\classes\org\example\cuidadodemascotas\servicemicroservice\apis\repository\IUserRepository.class]
2025-11-14 00:57:16 [restartedMain] INFO  o.s.d.r.c.RepositoryConfigurationExtensionSupport - Spring Data Redis - Could not safely identify store assignment for repository candidate interface org.example.cuidadodemascotas.servicemicroservice.apis.repository.IServiceRepository; If you want this repository to be a Redis repository, consider annotating your entities with one of these annotations: org.springframework.data.redis.core.RedisHash (preferred), or consider extending one of the following types with your repository: org.springframework.data.keyvalue.repository.KeyValueRepository
2025-11-14 00:57:16 [restartedMain] INFO  o.s.d.r.c.RepositoryConfigurationExtensionSupport - Spring Data Redis - Could not safely identify store assignment for repository candidate interface org.example.cuidadodemascotas.servicemicroservice.apis.repository.IServiceTypeRepository; If you want this repository to be a Redis repository, consider annotating your entities with one of these annotations: org.springframework.data.redis.core.RedisHash (preferred), or consider extending one of the following types with your repository: org.springframework.data.keyvalue.repository.KeyValueRepository
2025-11-14 00:57:16 [restartedMain] INFO  o.s.d.r.c.RepositoryConfigurationExtensionSupport - Spring Data Redis - Could not safely identify store assignment for repository candidate interface org.example.cuidadodemascotas.servicemicroservice.apis.repository.IUserRepository; If you want this repository to be a Redis repository, consider annotating your entities with one of these annotations: org.springframework.data.redis.core.RedisHash (preferred), or consider extending one of the following types with your repository: org.springframework.data.keyvalue.repository.KeyValueRepository
2025-11-14 00:57:16 [restartedMain] INFO  o.s.d.r.c.RepositoryConfigurationDelegate - Finished Spring Data repository scanning in 22 ms. Found 0 Redis repository interfaces.
2025-11-14 00:57:17 [restartedMain] INFO  o.s.cloud.context.scope.GenericScope - BeanFactory id=569dcd19-0d0a-3c2a-b654-a9dbae1dc113
2025-11-14 00:57:20 [restartedMain] INFO  o.s.b.w.e.tomcat.TomcatWebServer - Tomcat initialized with port 8083 (http)
2025-11-14 00:57:20 [restartedMain] INFO  o.a.catalina.core.StandardService - Starting service [Tomcat]
2025-11-14 00:57:20 [restartedMain] INFO  o.a.catalina.core.StandardEngine - Starting Servlet engine: [Apache Tomcat/10.1.44]
2025-11-14 00:57:20 [restartedMain] INFO  o.a.c.c.C.[Tomcat].[localhost].[/] - Initializing Spring embedded WebApplicationContext
2025-11-14 00:57:20 [restartedMain] INFO  o.s.b.w.s.c.ServletWebServerApplicationContext - Root WebApplicationContext: initialization completed in 9282 ms
2025-11-14 00:57:21 [restartedMain] DEBUG o.e.c.s.s.JwtAuthenticationFilter - Filter 'jwtAuthenticationFilter' configured for use
2025-11-14 00:57:21 [restartedMain] DEBUG o.s.w.f.ServerHttpObservationFilter - Filter 'webMvcObservationFilter' configured for use
2025-11-14 00:57:22 [restartedMain] INFO  o.h.jpa.internal.util.LogHelper - HHH000204: Processing PersistenceUnitInfo [name: default]
2025-11-14 00:57:23 [restartedMain] INFO  org.hibernate.Version - HHH000412: Hibernate ORM core version 6.6.26.Final
2025-11-14 00:57:23 [restartedMain] INFO  o.h.c.i.RegionFactoryInitiator - HHH000026: Second-level cache disabled
2025-11-14 00:57:25 [restartedMain] INFO  o.s.o.j.p.SpringPersistenceUnitInfo - No LoadTimeWeaver setup: ignoring JPA class transformer
2025-11-14 00:57:26 [restartedMain] INFO  com.zaxxer.hikari.HikariDataSource - HikariPool-1 - Starting...
2025-11-14 00:57:29 [restartedMain] INFO  com.zaxxer.hikari.pool.HikariPool - HikariPool-1 - Added connection org.postgresql.jdbc.PgConnection@53c26c7e
2025-11-14 00:57:29 [restartedMain] INFO  com.zaxxer.hikari.HikariDataSource - HikariPool-1 - Start completed.
2025-11-14 00:57:30 [restartedMain] WARN  org.hibernate.orm.deprecation - HHH90000025: PostgreSQLDialect does not need to be specified explicitly using 'hibernate.dialect' (remove the property setting and it will be selected by default)
2025-11-14 00:57:30 [restartedMain] INFO  o.hibernate.orm.connections.pooling - HHH10001005: Database info:
	Database JDBC URL [Connecting through datasource 'HikariDataSource (HikariPool-1)']
	Database driver: undefined/unknown
	Database version: 17.4
	Autocommit mode: undefined/unknown
	Isolation level: undefined/unknown
	Minimum pool size: undefined/unknown
	Maximum pool size: undefined/unknown
2025-11-14 00:57:33 [restartedMain] INFO  o.h.e.t.j.p.i.JtaPlatformInitiator - HHH000489: No JTA platform available (set 'hibernate.transaction.jta.platform' to enable JTA platform integration)
2025-11-14 00:57:33 [restartedMain] INFO  o.s.o.j.LocalContainerEntityManagerFactoryBean - Initialized JPA EntityManagerFactory for persistence unit 'default'
2025-11-14 00:57:34 [restartedMain] DEBUG o.s.d.j.r.c.JpaMetamodelMappingContextFactoryBean - Initializing JpaMetamodelMappingContext…
2025-11-14 00:57:34 [restartedMain] DEBUG o.s.d.j.r.c.JpaMetamodelMappingContextFactoryBean - Finished initializing JpaMetamodelMappingContext
2025-11-14 00:57:34 [restartedMain] DEBUG o.s.d.r.c.s.RepositoryFactorySupport - Initializing repository instance for org.example.cuidadodemascotas.servicemicroservice.apis.repository.IServiceRepository…
2025-11-14 00:57:36 [restartedMain] DEBUG o.s.d.j.repository.query.NamedQuery - Did not find named query Service.findByCarerIdPaged.count
2025-11-14 00:57:36 [restartedMain] INFO  o.s.d.j.r.query.QueryEnhancerFactory - Hibernate is in classpath; If applicable, HQL parser will be used.
2025-11-14 00:57:40 [restartedMain] DEBUG o.s.d.j.repository.query.NamedQuery - Did not find named query Service.findAllServices.count
2025-11-14 00:57:40 [restartedMain] DEBUG o.s.d.j.repository.query.NamedQuery - Did not find named query Service.countByActiveTrue.count
2025-11-14 00:57:40 [restartedMain] DEBUG o.s.d.j.repository.query.NamedQuery - Did not find named query Service.countByCarerId.count
2025-11-14 00:57:40 [restartedMain] DEBUG o.s.d.j.repository.query.NamedQuery - Did not find named query Service.searchByDescription.count
2025-11-14 00:57:40 [restartedMain] DEBUG o.s.d.j.repository.query.NamedQuery - Did not find named query Service.findByCarerIdAndServiceTypeIdPaged.count
2025-11-14 00:57:40 [restartedMain] DEBUG o.s.d.j.repository.query.NamedQuery - Did not find named query Service.findByPriceRangePaged.count
2025-11-14 00:57:40 [restartedMain] DEBUG o.s.d.j.repository.query.NamedQuery - Did not find named query Service.findByServiceTypeIdPaged.count
2025-11-14 00:57:40 [restartedMain] DEBUG o.s.d.j.repository.query.NamedQuery - Looking up named query 'Service.findByActiveTrue'
2025-11-14 00:57:40 [restartedMain] DEBUG o.s.d.j.repository.query.NamedQuery - Did not find named query Service.findByActiveTrue
2025-11-14 00:57:40 [restartedMain] DEBUG o.s.d.j.repository.query.NamedQuery - Looking up named query 'Service.findByActiveTrue'
2025-11-14 00:57:40 [restartedMain] DEBUG o.s.d.j.repository.query.NamedQuery - Did not find named query Service.findByActiveTrue
2025-11-14 00:57:40 [restartedMain] DEBUG o.s.d.j.repository.query.NamedQuery - Looking up named query 'Service.findByIdAndActiveTrue'
2025-11-14 00:57:40 [restartedMain] DEBUG o.s.d.j.repository.query.NamedQuery - Did not find named query Service.findByIdAndActiveTrue
2025-11-14 00:57:40 [restartedMain] DEBUG o.s.d.r.c.s.RepositoryFactorySupport - Finished creation of repository instance for org.example.cuidadodemascotas.servicemicroservice.apis.repository.IServiceRepository.
2025-11-14 00:57:41 [restartedMain] DEBUG o.s.d.r.c.s.RepositoryFactorySupport - Initializing repository instance for org.example.cuidadodemascotas.servicemicroservice.apis.repository.IServiceTypeRepository…
2025-11-14 00:57:41 [restartedMain] DEBUG o.s.d.j.repository.query.NamedQuery - Did not find named query ServiceType.searchByName.count
2025-11-14 00:57:41 [restartedMain] DEBUG o.s.d.j.repository.query.NamedQuery - Looking up named query 'ServiceType.existsByName'
2025-11-14 00:57:41 [restartedMain] DEBUG o.s.d.j.repository.query.NamedQuery - Did not find named query ServiceType.existsByName
2025-11-14 00:57:41 [restartedMain] DEBUG o.s.d.j.repository.query.NamedQuery - Looking up named query 'ServiceType.existsByNameAndIdNot'
2025-11-14 00:57:41 [restartedMain] DEBUG o.s.d.j.repository.query.NamedQuery - Did not find named query ServiceType.existsByNameAndIdNot
2025-11-14 00:57:41 [restartedMain] DEBUG o.s.d.j.repository.query.NamedQuery - Looking up named query 'ServiceType.findByNameIgnoreCase'
2025-11-14 00:57:41 [restartedMain] DEBUG o.s.d.j.repository.query.NamedQuery - Did not find named query ServiceType.findByNameIgnoreCase
2025-11-14 00:57:41 [restartedMain] DEBUG o.s.d.j.repository.query.NamedQuery - Looking up named query 'ServiceType.findAllByOrderByNameAsc'
2025-11-14 00:57:41 [restartedMain] DEBUG o.s.d.j.repository.query.NamedQuery - Did not find named query ServiceType.findAllByOrderByNameAsc
2025-11-14 00:57:41 [restartedMain] DEBUG o.s.d.j.repository.query.NamedQuery - Looking up named query 'ServiceType.findAllByOrderByNameAsc'
2025-11-14 00:57:41 [restartedMain] DEBUG o.s.d.j.repository.query.NamedQuery - Did not find named query ServiceType.findAllByOrderByNameAsc
2025-11-14 00:57:41 [restartedMain] DEBUG o.s.d.r.c.s.RepositoryFactorySupport - Finished creation of repository instance for org.example.cuidadodemascotas.servicemicroservice.apis.repository.IServiceTypeRepository.
2025-11-14 00:57:41 [restartedMain] DEBUG o.s.d.r.c.s.RepositoryFactorySupport - Initializing repository instance for org.example.cuidadodemascotas.servicemicroservice.apis.repository.IUserRepository…
2025-11-14 00:57:41 [restartedMain] DEBUG o.s.d.j.repository.query.NamedQuery - Looking up named query 'User.findByActiveTrue'
2025-11-14 00:57:41 [restartedMain] DEBUG o.s.d.j.repository.query.NamedQuery - Did not find named query User.findByActiveTrue
2025-11-14 00:57:41 [restartedMain] DEBUG o.s.d.j.repository.query.NamedQuery - Looking up named query 'User.findByActiveTrue'
2025-11-14 00:57:41 [restartedMain] DEBUG o.s.d.j.repository.query.NamedQuery - Did not find named query User.findByActiveTrue
2025-11-14 00:57:41 [restartedMain] DEBUG o.s.d.j.repository.query.NamedQuery - Looking up named query 'User.findByIdAndActiveTrue'
2025-11-14 00:57:41 [restartedMain] DEBUG o.s.d.j.repository.query.NamedQuery - Did not find named query User.findByIdAndActiveTrue
2025-11-14 00:57:41 [restartedMain] DEBUG o.s.d.r.c.s.RepositoryFactorySupport - Finished creation of repository instance for org.example.cuidadodemascotas.servicemicroservice.apis.repository.IUserRepository.
2025-11-14 00:57:43 [restartedMain] DEBUG o.s.w.s.m.m.a.RequestMappingHandlerMapping - 17 mappings in 'requestMappingHandlerMapping'
2025-11-14 00:57:44 [restartedMain] DEBUG o.s.w.s.h.SimpleUrlHandlerMapping - Patterns [/webjars/**, /**, /swagger-ui*/*swagger-initializer.js, /swagger-ui*/**] in 'resourceHandlerMapping'
2025-11-14 00:57:45 [restartedMain] INFO  o.s.cloud.commons.util.InetUtils - Cannot determine local hostname
2025-11-14 00:57:45 [restartedMain] INFO  o.s.b.a.e.web.EndpointLinksResolver - Exposing 2 endpoints beneath base path '/actuator'
2025-11-14 00:57:46 [restartedMain] WARN  o.s.b.a.s.s.UserDetailsServiceAutoConfiguration - 

Using generated security password: e0e0c735-7e79-45b4-845b-79e247f634e5

This generated password is for development use only. Your security configuration must be updated before running your application in production.

2025-11-14 00:57:46 [restartedMain] INFO  o.s.s.c.a.a.c.InitializeUserDetailsBeanManagerConfigurer$InitializeUserDetailsManagerConfigurer - Global AuthenticationManager configured with UserDetailsService bean with name inMemoryUserDetailsManager
2025-11-14 00:57:46 [restartedMain] DEBUG o.s.w.s.m.m.a.RequestMappingHandlerAdapter - ControllerAdvice beans: 0 @ModelAttribute, 0 @InitBinder, 1 RequestBodyAdvice, 1 ResponseBodyAdvice
2025-11-14 00:57:47 [restartedMain] DEBUG o.s.w.s.m.m.a.ExceptionHandlerExceptionResolver - ControllerAdvice beans: 2 @ExceptionHandler, 1 ResponseBodyAdvice
2025-11-14 00:57:47 [restartedMain] DEBUG o.s.data.convert.CustomConversions - Adding converter from class java.lang.String to class [B as writing converter
2025-11-14 00:57:47 [restartedMain] DEBUG o.s.data.convert.CustomConversions - Adding converter from class [B to class java.lang.String as reading converter
2025-11-14 00:57:47 [restartedMain] DEBUG o.s.data.convert.CustomConversions - Adding converter from class java.lang.Number to class [B as writing converter
2025-11-14 00:57:47 [restartedMain] DEBUG o.s.data.convert.CustomConversions - Adding converter from class [B to class java.lang.Number as reading converter
2025-11-14 00:57:47 [restartedMain] DEBUG o.s.data.convert.CustomConversions - Adding converter from class java.lang.Enum to class [B as writing converter
2025-11-14 00:57:47 [restartedMain] DEBUG o.s.data.convert.CustomConversions - Adding converter from class [B to class java.lang.Enum as reading converter
2025-11-14 00:57:47 [restartedMain] DEBUG o.s.data.convert.CustomConversions - Adding converter from class java.lang.Boolean to class [B as writing converter
2025-11-14 00:57:47 [restartedMain] DEBUG o.s.data.convert.CustomConversions - Adding converter from class [B to class java.lang.Boolean as reading converter
2025-11-14 00:57:47 [restartedMain] DEBUG o.s.data.convert.CustomConversions - Adding converter from class java.util.Date to class [B as writing converter
2025-11-14 00:57:47 [restartedMain] DEBUG o.s.data.convert.CustomConversions - Adding converter from class [B to class java.util.Date as reading converter
2025-11-14 00:57:47 [restartedMain] DEBUG o.s.data.convert.CustomConversions - Adding converter from class java.util.UUID to class [B as writing converter
2025-11-14 00:57:47 [restartedMain] DEBUG o.s.data.convert.CustomConversions - Adding converter from class [B to class java.util.UUID as reading converter
2025-11-14 00:57:47 [restartedMain] DEBUG o.s.data.convert.CustomConversions - Adding converter from class java.time.LocalDateTime to class [B as reading converter
2025-11-14 00:57:47 [restartedMain] DEBUG o.s.data.convert.CustomConversions - Adding converter from class [B to class java.time.LocalDateTime as reading converter
2025-11-14 00:57:47 [restartedMain] DEBUG o.s.data.convert.CustomConversions - Adding converter from class java.time.LocalDate to class [B as reading converter
2025-11-14 00:57:47 [restartedMain] DEBUG o.s.data.convert.CustomConversions - Adding converter from class [B to class java.time.LocalDate as reading converter
2025-11-14 00:57:47 [restartedMain] DEBUG o.s.data.convert.CustomConversions - Adding converter from class java.time.LocalTime to class [B as reading converter
2025-11-14 00:57:47 [restartedMain] DEBUG o.s.data.convert.CustomConversions - Adding converter from class [B to class java.time.LocalTime as reading converter
2025-11-14 00:57:47 [restartedMain] DEBUG o.s.data.convert.CustomConversions - Adding converter from class java.time.ZonedDateTime to class [B as reading converter
2025-11-14 00:57:47 [restartedMain] DEBUG o.s.data.convert.CustomConversions - Adding converter from class [B to class java.time.ZonedDateTime as reading converter
2025-11-14 00:57:47 [restartedMain] DEBUG o.s.data.convert.CustomConversions - Adding converter from class java.time.Instant to class [B as reading converter
2025-11-14 00:57:47 [restartedMain] DEBUG o.s.data.convert.CustomConversions - Adding converter from class [B to class java.time.Instant as reading converter
2025-11-14 00:57:47 [restartedMain] DEBUG o.s.data.convert.CustomConversions - Adding converter from class java.time.ZoneId to class [B as reading converter
2025-11-14 00:57:47 [restartedMain] DEBUG o.s.data.convert.CustomConversions - Adding converter from class [B to class java.time.ZoneId as reading converter
2025-11-14 00:57:47 [restartedMain] DEBUG o.s.data.convert.CustomConversions - Adding converter from class java.time.Period to class [B as reading converter
2025-11-14 00:57:47 [restartedMain] DEBUG o.s.data.convert.CustomConversions - Adding converter from class [B to class java.time.Period as reading converter
2025-11-14 00:57:47 [restartedMain] DEBUG o.s.data.convert.CustomConversions - Adding converter from class java.time.Duration to class [B as reading converter
2025-11-14 00:57:47 [restartedMain] DEBUG o.s.data.convert.CustomConversions - Adding converter from class [B to class java.time.Duration as reading converter
2025-11-14 00:57:47 [restartedMain] DEBUG o.s.data.convert.CustomConversions - Adding converter from class java.time.OffsetDateTime to class [B as reading converter
2025-11-14 00:57:47 [restartedMain] DEBUG o.s.data.convert.CustomConversions - Adding converter from class [B to class java.time.OffsetDateTime as reading converter
2025-11-14 00:57:47 [restartedMain] DEBUG o.s.data.convert.CustomConversions - Adding converter from class java.time.OffsetTime to class [B as reading converter
2025-11-14 00:57:47 [restartedMain] DEBUG o.s.data.convert.CustomConversions - Adding converter from class [B to class java.time.OffsetTime as reading converter
2025-11-14 00:57:47 [restartedMain] DEBUG o.s.data.convert.CustomConversions - Adding converter from class java.util.Date to class java.time.LocalDateTime as reading converter
2025-11-14 00:57:47 [restartedMain] DEBUG o.s.data.convert.CustomConversions - Adding converter from class java.time.LocalDateTime to class java.util.Date as writing converter
2025-11-14 00:57:47 [restartedMain] DEBUG o.s.data.convert.CustomConversions - Adding converter from class java.util.Date to class java.time.LocalDate as reading converter
2025-11-14 00:57:47 [restartedMain] DEBUG o.s.data.convert.CustomConversions - Adding converter from class java.time.LocalDate to class java.util.Date as writing converter
2025-11-14 00:57:47 [restartedMain] DEBUG o.s.data.convert.CustomConversions - Adding converter from class java.util.Date to class java.time.LocalTime as reading converter
2025-11-14 00:57:47 [restartedMain] DEBUG o.s.data.convert.CustomConversions - Adding converter from class java.time.LocalTime to class java.util.Date as writing converter
2025-11-14 00:57:47 [restartedMain] DEBUG o.s.data.convert.CustomConversions - Adding converter from class java.util.Date to class java.time.Instant as reading converter
2025-11-14 00:57:47 [restartedMain] DEBUG o.s.data.convert.CustomConversions - Adding converter from class java.time.Instant to class java.util.Date as writing converter
2025-11-14 00:57:47 [restartedMain] DEBUG o.s.data.convert.CustomConversions - Adding converter from class java.time.LocalDateTime to class java.time.Instant as reading converter
2025-11-14 00:57:47 [restartedMain] DEBUG o.s.data.convert.CustomConversions - Adding converter from class java.time.Instant to class java.time.LocalDateTime as reading converter
2025-11-14 00:57:47 [restartedMain] DEBUG o.s.data.convert.CustomConversions - Adding converter from class java.time.ZoneId to class java.lang.String as writing converter
2025-11-14 00:57:47 [restartedMain] DEBUG o.s.data.convert.CustomConversions - Adding converter from class java.lang.String to class java.time.ZoneId as reading converter
2025-11-14 00:57:47 [restartedMain] DEBUG o.s.data.convert.CustomConversions - Adding converter from class java.time.Duration to class java.lang.String as writing converter
2025-11-14 00:57:47 [restartedMain] DEBUG o.s.data.convert.CustomConversions - Adding converter from class java.lang.String to class java.time.Duration as reading converter
2025-11-14 00:57:47 [restartedMain] DEBUG o.s.data.convert.CustomConversions - Adding converter from class java.time.Period to class java.lang.String as writing converter
2025-11-14 00:57:47 [restartedMain] DEBUG o.s.data.convert.CustomConversions - Adding converter from class java.lang.String to class java.time.Period as reading converter
2025-11-14 00:57:47 [restartedMain] DEBUG o.s.data.convert.CustomConversions - Adding converter from class java.lang.String to class java.time.LocalDate as reading converter
2025-11-14 00:57:47 [restartedMain] DEBUG o.s.data.convert.CustomConversions - Adding converter from class java.lang.String to class java.time.LocalDateTime as reading converter
2025-11-14 00:57:47 [restartedMain] DEBUG o.s.data.convert.CustomConversions - Adding converter from class java.lang.String to class java.time.Instant as reading converter
2025-11-14 00:57:47 [restartedMain] DEBUG o.s.data.convert.CustomConversions - Adding converter from class java.lang.String to class [B as writing converter
2025-11-14 00:57:47 [restartedMain] DEBUG o.s.data.convert.CustomConversions - Adding converter from class [B to class java.lang.String as reading converter
2025-11-14 00:57:47 [restartedMain] DEBUG o.s.data.convert.CustomConversions - Adding converter from class java.lang.Number to class [B as writing converter
2025-11-14 00:57:47 [restartedMain] DEBUG o.s.data.convert.CustomConversions - Adding converter from class [B to class java.lang.Number as reading converter
2025-11-14 00:57:47 [restartedMain] DEBUG o.s.data.convert.CustomConversions - Adding converter from class java.lang.Enum to class [B as writing converter
2025-11-14 00:57:47 [restartedMain] DEBUG o.s.data.convert.CustomConversions - Adding converter from class [B to class java.lang.Enum as reading converter
2025-11-14 00:57:47 [restartedMain] DEBUG o.s.data.convert.CustomConversions - Adding converter from class java.lang.Boolean to class [B as writing converter
2025-11-14 00:57:47 [restartedMain] DEBUG o.s.data.convert.CustomConversions - Adding converter from class [B to class java.lang.Boolean as reading converter
2025-11-14 00:57:47 [restartedMain] DEBUG o.s.data.convert.CustomConversions - Adding converter from class java.util.Date to class [B as writing converter
2025-11-14 00:57:47 [restartedMain] DEBUG o.s.data.convert.CustomConversions - Adding converter from class [B to class java.util.Date as reading converter
2025-11-14 00:57:47 [restartedMain] DEBUG o.s.data.convert.CustomConversions - Adding converter from class java.util.UUID to class [B as writing converter
2025-11-14 00:57:47 [restartedMain] DEBUG o.s.data.convert.CustomConversions - Adding converter from class [B to class java.util.UUID as reading converter
2025-11-14 00:57:47 [restartedMain] DEBUG o.s.data.convert.CustomConversions - Adding converter from class java.time.LocalDateTime to class [B as reading converter
2025-11-14 00:57:47 [restartedMain] DEBUG o.s.data.convert.CustomConversions - Adding converter from class [B to class java.time.LocalDateTime as reading converter
2025-11-14 00:57:47 [restartedMain] DEBUG o.s.data.convert.CustomConversions - Adding converter from class java.time.LocalDate to class [B as reading converter
2025-11-14 00:57:47 [restartedMain] DEBUG o.s.data.convert.CustomConversions - Adding converter from class [B to class java.time.LocalDate as reading converter
2025-11-14 00:57:47 [restartedMain] DEBUG o.s.data.convert.CustomConversions - Adding converter from class java.time.LocalTime to class [B as reading converter
2025-11-14 00:57:47 [restartedMain] DEBUG o.s.data.convert.CustomConversions - Adding converter from class [B to class java.time.LocalTime as reading converter
2025-11-14 00:57:47 [restartedMain] DEBUG o.s.data.convert.CustomConversions - Adding converter from class java.time.ZonedDateTime to class [B as reading converter
2025-11-14 00:57:47 [restartedMain] DEBUG o.s.data.convert.CustomConversions - Adding converter from class [B to class java.time.ZonedDateTime as reading converter
2025-11-14 00:57:47 [restartedMain] DEBUG o.s.data.convert.CustomConversions - Adding converter from class java.time.Instant to class [B as reading converter
2025-11-14 00:57:47 [restartedMain] DEBUG o.s.data.convert.CustomConversions - Adding converter from class [B to class java.time.Instant as reading converter
2025-11-14 00:57:47 [restartedMain] DEBUG o.s.data.convert.CustomConversions - Adding converter from class java.time.ZoneId to class [B as reading converter
2025-11-14 00:57:47 [restartedMain] DEBUG o.s.data.convert.CustomConversions - Adding converter from class [B to class java.time.ZoneId as reading converter
2025-11-14 00:57:47 [restartedMain] DEBUG o.s.data.convert.CustomConversions - Adding converter from class java.time.Period to class [B as reading converter
2025-11-14 00:57:47 [restartedMain] DEBUG o.s.data.convert.CustomConversions - Adding converter from class [B to class java.time.Period as reading converter
2025-11-14 00:57:47 [restartedMain] DEBUG o.s.data.convert.CustomConversions - Adding converter from class java.time.Duration to class [B as reading converter
2025-11-14 00:57:47 [restartedMain] DEBUG o.s.data.convert.CustomConversions - Adding converter from class [B to class java.time.Duration as reading converter
2025-11-14 00:57:47 [restartedMain] DEBUG o.s.data.convert.CustomConversions - Adding converter from class java.time.OffsetDateTime to class [B as reading converter
2025-11-14 00:57:47 [restartedMain] DEBUG o.s.data.convert.CustomConversions - Adding converter from class [B to class java.time.OffsetDateTime as reading converter
2025-11-14 00:57:47 [restartedMain] DEBUG o.s.data.convert.CustomConversions - Adding converter from class java.time.OffsetTime to class [B as reading converter
2025-11-14 00:57:47 [restartedMain] DEBUG o.s.data.convert.CustomConversions - Adding converter from class [B to class java.time.OffsetTime as reading converter
2025-11-14 00:57:47 [restartedMain] DEBUG o.s.data.convert.CustomConversions - Adding converter from class java.util.Date to class java.time.LocalDateTime as reading converter
2025-11-14 00:57:47 [restartedMain] DEBUG o.s.data.convert.CustomConversions - Adding converter from class java.time.LocalDateTime to class java.util.Date as writing converter
2025-11-14 00:57:47 [restartedMain] DEBUG o.s.data.convert.CustomConversions - Adding converter from class java.util.Date to class java.time.LocalDate as reading converter
2025-11-14 00:57:47 [restartedMain] DEBUG o.s.data.convert.CustomConversions - Adding converter from class java.time.LocalDate to class java.util.Date as writing converter
2025-11-14 00:57:47 [restartedMain] DEBUG o.s.data.convert.CustomConversions - Adding converter from class java.util.Date to class java.time.LocalTime as reading converter
2025-11-14 00:57:47 [restartedMain] DEBUG o.s.data.convert.CustomConversions - Adding converter from class java.time.LocalTime to class java.util.Date as writing converter
2025-11-14 00:57:47 [restartedMain] DEBUG o.s.data.convert.CustomConversions - Adding converter from class java.util.Date to class java.time.Instant as reading converter
2025-11-14 00:57:47 [restartedMain] DEBUG o.s.data.convert.CustomConversions - Adding converter from class java.time.Instant to class java.util.Date as writing converter
2025-11-14 00:57:47 [restartedMain] DEBUG o.s.data.convert.CustomConversions - Adding converter from class java.time.LocalDateTime to class java.time.Instant as reading converter
2025-11-14 00:57:47 [restartedMain] DEBUG o.s.data.convert.CustomConversions - Adding converter from class java.time.Instant to class java.time.LocalDateTime as reading converter
2025-11-14 00:57:47 [restartedMain] DEBUG o.s.data.convert.CustomConversions - Adding converter from class java.time.ZoneId to class java.lang.String as writing converter
2025-11-14 00:57:47 [restartedMain] DEBUG o.s.data.convert.CustomConversions - Adding converter from class java.lang.String to class java.time.ZoneId as reading converter
2025-11-14 00:57:47 [restartedMain] DEBUG o.s.data.convert.CustomConversions - Adding converter from class java.time.Duration to class java.lang.String as writing converter
2025-11-14 00:57:47 [restartedMain] DEBUG o.s.data.convert.CustomConversions - Adding converter from class java.lang.String to class java.time.Duration as reading converter
2025-11-14 00:57:47 [restartedMain] DEBUG o.s.data.convert.CustomConversions - Adding converter from class java.time.Period to class java.lang.String as writing converter
2025-11-14 00:57:47 [restartedMain] DEBUG o.s.data.convert.CustomConversions - Adding converter from class java.lang.String to class java.time.Period as reading converter
2025-11-14 00:57:47 [restartedMain] DEBUG o.s.data.convert.CustomConversions - Adding converter from class java.lang.String to class java.time.LocalDate as reading converter
2025-11-14 00:57:47 [restartedMain] DEBUG o.s.data.convert.CustomConversions - Adding converter from class java.lang.String to class java.time.LocalDateTime as reading converter
2025-11-14 00:57:47 [restartedMain] DEBUG o.s.data.convert.CustomConversions - Adding converter from class java.lang.String to class java.time.Instant as reading converter
2025-11-14 00:57:48 [restartedMain] DEBUG o.s.data.convert.CustomConversions - Adding converter from class java.lang.String to class [B as writing converter
2025-11-14 00:57:48 [restartedMain] DEBUG o.s.data.convert.CustomConversions - Adding converter from class [B to class java.lang.String as reading converter
2025-11-14 00:57:48 [restartedMain] DEBUG o.s.data.convert.CustomConversions - Adding converter from class java.lang.Number to class [B as writing converter
2025-11-14 00:57:48 [restartedMain] DEBUG o.s.data.convert.CustomConversions - Adding converter from class [B to class java.lang.Number as reading converter
2025-11-14 00:57:48 [restartedMain] DEBUG o.s.data.convert.CustomConversions - Adding converter from class java.lang.Enum to class [B as writing converter
2025-11-14 00:57:48 [restartedMain] DEBUG o.s.data.convert.CustomConversions - Adding converter from class [B to class java.lang.Enum as reading converter
2025-11-14 00:57:48 [restartedMain] DEBUG o.s.data.convert.CustomConversions - Adding converter from class java.lang.Boolean to class [B as writing converter
2025-11-14 00:57:48 [restartedMain] DEBUG o.s.data.convert.CustomConversions - Adding converter from class [B to class java.lang.Boolean as reading converter
2025-11-14 00:57:48 [restartedMain] DEBUG o.s.data.convert.CustomConversions - Adding converter from class java.util.Date to class [B as writing converter
2025-11-14 00:57:48 [restartedMain] DEBUG o.s.data.convert.CustomConversions - Adding converter from class [B to class java.util.Date as reading converter
2025-11-14 00:57:48 [restartedMain] DEBUG o.s.data.convert.CustomConversions - Adding converter from class java.util.UUID to class [B as writing converter
2025-11-14 00:57:48 [restartedMain] DEBUG o.s.data.convert.CustomConversions - Adding converter from class [B to class java.util.UUID as reading converter
2025-11-14 00:57:48 [restartedMain] DEBUG o.s.data.convert.CustomConversions - Adding converter from class java.time.LocalDateTime to class [B as reading converter
2025-11-14 00:57:48 [restartedMain] DEBUG o.s.data.convert.CustomConversions - Adding converter from class [B to class java.time.LocalDateTime as reading converter
2025-11-14 00:57:48 [restartedMain] DEBUG o.s.data.convert.CustomConversions - Adding converter from class java.time.LocalDate to class [B as reading converter
2025-11-14 00:57:48 [restartedMain] DEBUG o.s.data.convert.CustomConversions - Adding converter from class [B to class java.time.LocalDate as reading converter
2025-11-14 00:57:48 [restartedMain] DEBUG o.s.data.convert.CustomConversions - Adding converter from class java.time.LocalTime to class [B as reading converter
2025-11-14 00:57:48 [restartedMain] DEBUG o.s.data.convert.CustomConversions - Adding converter from class [B to class java.time.LocalTime as reading converter
2025-11-14 00:57:48 [restartedMain] DEBUG o.s.data.convert.CustomConversions - Adding converter from class java.time.ZonedDateTime to class [B as reading converter
2025-11-14 00:57:48 [restartedMain] DEBUG o.s.data.convert.CustomConversions - Adding converter from class [B to class java.time.ZonedDateTime as reading converter
2025-11-14 00:57:48 [restartedMain] DEBUG o.s.data.convert.CustomConversions - Adding converter from class java.time.Instant to class [B as reading converter
2025-11-14 00:57:48 [restartedMain] DEBUG o.s.data.convert.CustomConversions - Adding converter from class [B to class java.time.Instant as reading converter
2025-11-14 00:57:48 [restartedMain] DEBUG o.s.data.convert.CustomConversions - Adding converter from class java.time.ZoneId to class [B as reading converter
2025-11-14 00:57:48 [restartedMain] DEBUG o.s.data.convert.CustomConversions - Adding converter from class [B to class java.time.ZoneId as reading converter
2025-11-14 00:57:48 [restartedMain] DEBUG o.s.data.convert.CustomConversions - Adding converter from class java.time.Period to class [B as reading converter
2025-11-14 00:57:48 [restartedMain] DEBUG o.s.data.convert.CustomConversions - Adding converter from class [B to class java.time.Period as reading converter
2025-11-14 00:57:48 [restartedMain] DEBUG o.s.data.convert.CustomConversions - Adding converter from class java.time.Duration to class [B as reading converter
2025-11-14 00:57:48 [restartedMain] DEBUG o.s.data.convert.CustomConversions - Adding converter from class [B to class java.time.Duration as reading converter
2025-11-14 00:57:48 [restartedMain] DEBUG o.s.data.convert.CustomConversions - Adding converter from class java.time.OffsetDateTime to class [B as reading converter
2025-11-14 00:57:48 [restartedMain] DEBUG o.s.data.convert.CustomConversions - Adding converter from class [B to class java.time.OffsetDateTime as reading converter
2025-11-14 00:57:48 [restartedMain] DEBUG o.s.data.convert.CustomConversions - Adding converter from class java.time.OffsetTime to class [B as reading converter
2025-11-14 00:57:48 [restartedMain] DEBUG o.s.data.convert.CustomConversions - Adding converter from class [B to class java.time.OffsetTime as reading converter
2025-11-14 00:57:48 [restartedMain] DEBUG o.s.data.convert.CustomConversions - Adding converter from class java.util.Date to class java.time.LocalDateTime as reading converter
2025-11-14 00:57:48 [restartedMain] DEBUG o.s.data.convert.CustomConversions - Adding converter from class java.time.LocalDateTime to class java.util.Date as writing converter
2025-11-14 00:57:48 [restartedMain] DEBUG o.s.data.convert.CustomConversions - Adding converter from class java.util.Date to class java.time.LocalDate as reading converter
2025-11-14 00:57:48 [restartedMain] DEBUG o.s.data.convert.CustomConversions - Adding converter from class java.time.LocalDate to class java.util.Date as writing converter
2025-11-14 00:57:48 [restartedMain] DEBUG o.s.data.convert.CustomConversions - Adding converter from class java.util.Date to class java.time.LocalTime as reading converter
2025-11-14 00:57:48 [restartedMain] DEBUG o.s.data.convert.CustomConversions - Adding converter from class java.time.LocalTime to class java.util.Date as writing converter
2025-11-14 00:57:48 [restartedMain] DEBUG o.s.data.convert.CustomConversions - Adding converter from class java.util.Date to class java.time.Instant as reading converter
2025-11-14 00:57:48 [restartedMain] DEBUG o.s.data.convert.CustomConversions - Adding converter from class java.time.Instant to class java.util.Date as writing converter
2025-11-14 00:57:48 [restartedMain] DEBUG o.s.data.convert.CustomConversions - Adding converter from class java.time.LocalDateTime to class java.time.Instant as reading converter
2025-11-14 00:57:48 [restartedMain] DEBUG o.s.data.convert.CustomConversions - Adding converter from class java.time.Instant to class java.time.LocalDateTime as reading converter
2025-11-14 00:57:48 [restartedMain] DEBUG o.s.data.convert.CustomConversions - Adding converter from class java.time.ZoneId to class java.lang.String as writing converter
2025-11-14 00:57:48 [restartedMain] DEBUG o.s.data.convert.CustomConversions - Adding converter from class java.lang.String to class java.time.ZoneId as reading converter
2025-11-14 00:57:48 [restartedMain] DEBUG o.s.data.convert.CustomConversions - Adding converter from class java.time.Duration to class java.lang.String as writing converter
2025-11-14 00:57:48 [restartedMain] DEBUG o.s.data.convert.CustomConversions - Adding converter from class java.lang.String to class java.time.Duration as reading converter
2025-11-14 00:57:48 [restartedMain] DEBUG o.s.data.convert.CustomConversions - Adding converter from class java.time.Period to class java.lang.String as writing converter
2025-11-14 00:57:48 [restartedMain] DEBUG o.s.data.convert.CustomConversions - Adding converter from class java.lang.String to class java.time.Period as reading converter
2025-11-14 00:57:48 [restartedMain] DEBUG o.s.data.convert.CustomConversions - Adding converter from class java.lang.String to class java.time.LocalDate as reading converter
2025-11-14 00:57:48 [restartedMain] DEBUG o.s.data.convert.CustomConversions - Adding converter from class java.lang.String to class java.time.LocalDateTime as reading converter
2025-11-14 00:57:48 [restartedMain] DEBUG o.s.data.convert.CustomConversions - Adding converter from class java.lang.String to class java.time.Instant as reading converter
2025-11-14 00:57:48 [restartedMain] DEBUG o.s.data.convert.CustomConversions - Adding converter from class java.lang.String to class [B as writing converter
2025-11-14 00:57:48 [restartedMain] DEBUG o.s.data.convert.CustomConversions - Adding converter from class [B to class java.lang.String as reading converter
2025-11-14 00:57:48 [restartedMain] DEBUG o.s.data.convert.CustomConversions - Adding converter from class java.lang.Number to class [B as writing converter
2025-11-14 00:57:48 [restartedMain] DEBUG o.s.data.convert.CustomConversions - Adding converter from class [B to class java.lang.Number as reading converter
2025-11-14 00:57:48 [restartedMain] DEBUG o.s.data.convert.CustomConversions - Adding converter from class java.lang.Enum to class [B as writing converter
2025-11-14 00:57:48 [restartedMain] DEBUG o.s.data.convert.CustomConversions - Adding converter from class [B to class java.lang.Enum as reading converter
2025-11-14 00:57:48 [restartedMain] DEBUG o.s.data.convert.CustomConversions - Adding converter from class java.lang.Boolean to class [B as writing converter
2025-11-14 00:57:48 [restartedMain] DEBUG o.s.data.convert.CustomConversions - Adding converter from class [B to class java.lang.Boolean as reading converter
2025-11-14 00:57:48 [restartedMain] DEBUG o.s.data.convert.CustomConversions - Adding converter from class java.util.Date to class [B as writing converter
2025-11-14 00:57:48 [restartedMain] DEBUG o.s.data.convert.CustomConversions - Adding converter from class [B to class java.util.Date as reading converter
2025-11-14 00:57:48 [restartedMain] DEBUG o.s.data.convert.CustomConversions - Adding converter from class java.util.UUID to class [B as writing converter
2025-11-14 00:57:48 [restartedMain] DEBUG o.s.data.convert.CustomConversions - Adding converter from class [B to class java.util.UUID as reading converter
2025-11-14 00:57:48 [restartedMain] DEBUG o.s.data.convert.CustomConversions - Adding converter from class java.time.LocalDateTime to class [B as reading converter
2025-11-14 00:57:48 [restartedMain] DEBUG o.s.data.convert.CustomConversions - Adding converter from class [B to class java.time.LocalDateTime as reading converter
2025-11-14 00:57:48 [restartedMain] DEBUG o.s.data.convert.CustomConversions - Adding converter from class java.time.LocalDate to class [B as reading converter
2025-11-14 00:57:48 [restartedMain] DEBUG o.s.data.convert.CustomConversions - Adding converter from class [B to class java.time.LocalDate as reading converter
2025-11-14 00:57:48 [restartedMain] DEBUG o.s.data.convert.CustomConversions - Adding converter from class java.time.LocalTime to class [B as reading converter
2025-11-14 00:57:48 [restartedMain] DEBUG o.s.data.convert.CustomConversions - Adding converter from class [B to class java.time.LocalTime as reading converter
2025-11-14 00:57:48 [restartedMain] DEBUG o.s.data.convert.CustomConversions - Adding converter from class java.time.ZonedDateTime to class [B as reading converter
2025-11-14 00:57:48 [restartedMain] DEBUG o.s.data.convert.CustomConversions - Adding converter from class [B to class java.time.ZonedDateTime as reading converter
2025-11-14 00:57:48 [restartedMain] DEBUG o.s.data.convert.CustomConversions - Adding converter from class java.time.Instant to class [B as reading converter
2025-11-14 00:57:48 [restartedMain] DEBUG o.s.data.convert.CustomConversions - Adding converter from class [B to class java.time.Instant as reading converter
2025-11-14 00:57:48 [restartedMain] DEBUG o.s.data.convert.CustomConversions - Adding converter from class java.time.ZoneId to class [B as reading converter
2025-11-14 00:57:48 [restartedMain] DEBUG o.s.data.convert.CustomConversions - Adding converter from class [B to class java.time.ZoneId as reading converter
2025-11-14 00:57:48 [restartedMain] DEBUG o.s.data.convert.CustomConversions - Adding converter from class java.time.Period to class [B as reading converter
2025-11-14 00:57:48 [restartedMain] DEBUG o.s.data.convert.CustomConversions - Adding converter from class [B to class java.time.Period as reading converter
2025-11-14 00:57:48 [restartedMain] DEBUG o.s.data.convert.CustomConversions - Adding converter from class java.time.Duration to class [B as reading converter
2025-11-14 00:57:48 [restartedMain] DEBUG o.s.data.convert.CustomConversions - Adding converter from class [B to class java.time.Duration as reading converter
2025-11-14 00:57:48 [restartedMain] DEBUG o.s.data.convert.CustomConversions - Adding converter from class java.time.OffsetDateTime to class [B as reading converter
2025-11-14 00:57:48 [restartedMain] DEBUG o.s.data.convert.CustomConversions - Adding converter from class [B to class java.time.OffsetDateTime as reading converter
2025-11-14 00:57:48 [restartedMain] DEBUG o.s.data.convert.CustomConversions - Adding converter from class java.time.OffsetTime to class [B as reading converter
2025-11-14 00:57:48 [restartedMain] DEBUG o.s.data.convert.CustomConversions - Adding converter from class [B to class java.time.OffsetTime as reading converter
2025-11-14 00:57:48 [restartedMain] DEBUG o.s.data.convert.CustomConversions - Adding converter from class java.util.Date to class java.time.LocalDateTime as reading converter
2025-11-14 00:57:48 [restartedMain] DEBUG o.s.data.convert.CustomConversions - Adding converter from class java.time.LocalDateTime to class java.util.Date as writing converter
2025-11-14 00:57:48 [restartedMain] DEBUG o.s.data.convert.CustomConversions - Adding converter from class java.util.Date to class java.time.LocalDate as reading converter
2025-11-14 00:57:48 [restartedMain] DEBUG o.s.data.convert.CustomConversions - Adding converter from class java.time.LocalDate to class java.util.Date as writing converter
2025-11-14 00:57:48 [restartedMain] DEBUG o.s.data.convert.CustomConversions - Adding converter from class java.util.Date to class java.time.LocalTime as reading converter
2025-11-14 00:57:48 [restartedMain] DEBUG o.s.data.convert.CustomConversions - Adding converter from class java.time.LocalTime to class java.util.Date as writing converter
2025-11-14 00:57:48 [restartedMain] DEBUG o.s.data.convert.CustomConversions - Adding converter from class java.util.Date to class java.time.Instant as reading converter
2025-11-14 00:57:48 [restartedMain] DEBUG o.s.data.convert.CustomConversions - Adding converter from class java.time.Instant to class java.util.Date as writing converter
2025-11-14 00:57:48 [restartedMain] DEBUG o.s.data.convert.CustomConversions - Adding converter from class java.time.LocalDateTime to class java.time.Instant as reading converter
2025-11-14 00:57:48 [restartedMain] DEBUG o.s.data.convert.CustomConversions - Adding converter from class java.time.Instant to class java.time.LocalDateTime as reading converter
2025-11-14 00:57:48 [restartedMain] DEBUG o.s.data.convert.CustomConversions - Adding converter from class java.time.ZoneId to class java.lang.String as writing converter
2025-11-14 00:57:48 [restartedMain] DEBUG o.s.data.convert.CustomConversions - Adding converter from class java.lang.String to class java.time.ZoneId as reading converter
2025-11-14 00:57:48 [restartedMain] DEBUG o.s.data.convert.CustomConversions - Adding converter from class java.time.Duration to class java.lang.String as writing converter
2025-11-14 00:57:48 [restartedMain] DEBUG o.s.data.convert.CustomConversions - Adding converter from class java.lang.String to class java.time.Duration as reading converter
2025-11-14 00:57:48 [restartedMain] DEBUG o.s.data.convert.CustomConversions - Adding converter from class java.time.Period to class java.lang.String as writing converter
2025-11-14 00:57:48 [restartedMain] DEBUG o.s.data.convert.CustomConversions - Adding converter from class java.lang.String to class java.time.Period as reading converter
2025-11-14 00:57:48 [restartedMain] DEBUG o.s.data.convert.CustomConversions - Adding converter from class java.lang.String to class java.time.LocalDate as reading converter
2025-11-14 00:57:48 [restartedMain] DEBUG o.s.data.convert.CustomConversions - Adding converter from class java.lang.String to class java.time.LocalDateTime as reading converter
2025-11-14 00:57:48 [restartedMain] DEBUG o.s.data.convert.CustomConversions - Adding converter from class java.lang.String to class java.time.Instant as reading converter
2025-11-14 00:57:48 [restartedMain] DEBUG o.s.data.convert.CustomConversions - Adding converter from class java.lang.String to class [B as writing converter
2025-11-14 00:57:48 [restartedMain] DEBUG o.s.data.convert.CustomConversions - Adding converter from class [B to class java.lang.String as reading converter
2025-11-14 00:57:48 [restartedMain] DEBUG o.s.data.convert.CustomConversions - Adding converter from class java.lang.Number to class [B as writing converter
2025-11-14 00:57:48 [restartedMain] DEBUG o.s.data.convert.CustomConversions - Adding converter from class [B to class java.lang.Number as reading converter
2025-11-14 00:57:48 [restartedMain] DEBUG o.s.data.convert.CustomConversions - Adding converter from class java.lang.Enum to class [B as writing converter
2025-11-14 00:57:48 [restartedMain] DEBUG o.s.data.convert.CustomConversions - Adding converter from class [B to class java.lang.Enum as reading converter
2025-11-14 00:57:48 [restartedMain] DEBUG o.s.data.convert.CustomConversions - Adding converter from class java.lang.Boolean to class [B as writing converter
2025-11-14 00:57:48 [restartedMain] DEBUG o.s.data.convert.CustomConversions - Adding converter from class [B to class java.lang.Boolean as reading converter
2025-11-14 00:57:48 [restartedMain] DEBUG o.s.data.convert.CustomConversions - Adding converter from class java.util.Date to class [B as writing converter
2025-11-14 00:57:48 [restartedMain] DEBUG o.s.data.convert.CustomConversions - Adding converter from class [B to class java.util.Date as reading converter
2025-11-14 00:57:48 [restartedMain] DEBUG o.s.data.convert.CustomConversions - Adding converter from class java.util.UUID to class [B as writing converter
2025-11-14 00:57:48 [restartedMain] DEBUG o.s.data.convert.CustomConversions - Adding converter from class [B to class java.util.UUID as reading converter
2025-11-14 00:57:48 [restartedMain] DEBUG o.s.data.convert.CustomConversions - Adding converter from class java.time.LocalDateTime to class [B as reading converter
2025-11-14 00:57:48 [restartedMain] DEBUG o.s.data.convert.CustomConversions - Adding converter from class [B to class java.time.LocalDateTime as reading converter
2025-11-14 00:57:48 [restartedMain] DEBUG o.s.data.convert.CustomConversions - Adding converter from class java.time.LocalDate to class [B as reading converter
2025-11-14 00:57:48 [restartedMain] DEBUG o.s.data.convert.CustomConversions - Adding converter from class [B to class java.time.LocalDate as reading converter
2025-11-14 00:57:48 [restartedMain] DEBUG o.s.data.convert.CustomConversions - Adding converter from class java.time.LocalTime to class [B as reading converter
2025-11-14 00:57:48 [restartedMain] DEBUG o.s.data.convert.CustomConversions - Adding converter from class [B to class java.time.LocalTime as reading converter
2025-11-14 00:57:48 [restartedMain] DEBUG o.s.data.convert.CustomConversions - Adding converter from class java.time.ZonedDateTime to class [B as reading converter
2025-11-14 00:57:48 [restartedMain] DEBUG o.s.data.convert.CustomConversions - Adding converter from class [B to class java.time.ZonedDateTime as reading converter
2025-11-14 00:57:48 [restartedMain] DEBUG o.s.data.convert.CustomConversions - Adding converter from class java.time.Instant to class [B as reading converter
2025-11-14 00:57:48 [restartedMain] DEBUG o.s.data.convert.CustomConversions - Adding converter from class [B to class java.time.Instant as reading converter
2025-11-14 00:57:48 [restartedMain] DEBUG o.s.data.convert.CustomConversions - Adding converter from class java.time.ZoneId to class [B as reading converter
2025-11-14 00:57:48 [restartedMain] DEBUG o.s.data.convert.CustomConversions - Adding converter from class [B to class java.time.ZoneId as reading converter
2025-11-14 00:57:48 [restartedMain] DEBUG o.s.data.convert.CustomConversions - Adding converter from class java.time.Period to class [B as reading converter
2025-11-14 00:57:48 [restartedMain] DEBUG o.s.data.convert.CustomConversions - Adding converter from class [B to class java.time.Period as reading converter
2025-11-14 00:57:48 [restartedMain] DEBUG o.s.data.convert.CustomConversions - Adding converter from class java.time.Duration to class [B as reading converter
2025-11-14 00:57:48 [restartedMain] DEBUG o.s.data.convert.CustomConversions - Adding converter from class [B to class java.time.Duration as reading converter
2025-11-14 00:57:48 [restartedMain] DEBUG o.s.data.convert.CustomConversions - Adding converter from class java.time.OffsetDateTime to class [B as reading converter
2025-11-14 00:57:48 [restartedMain] DEBUG o.s.data.convert.CustomConversions - Adding converter from class [B to class java.time.OffsetDateTime as reading converter
2025-11-14 00:57:48 [restartedMain] DEBUG o.s.data.convert.CustomConversions - Adding converter from class java.time.OffsetTime to class [B as reading converter
2025-11-14 00:57:48 [restartedMain] DEBUG o.s.data.convert.CustomConversions - Adding converter from class [B to class java.time.OffsetTime as reading converter
2025-11-14 00:57:48 [restartedMain] DEBUG o.s.data.convert.CustomConversions - Adding converter from class java.util.Date to class java.time.LocalDateTime as reading converter
2025-11-14 00:57:48 [restartedMain] DEBUG o.s.data.convert.CustomConversions - Adding converter from class java.time.LocalDateTime to class java.util.Date as writing converter
2025-11-14 00:57:48 [restartedMain] DEBUG o.s.data.convert.CustomConversions - Adding converter from class java.util.Date to class java.time.LocalDate as reading converter
2025-11-14 00:57:48 [restartedMain] DEBUG o.s.data.convert.CustomConversions - Adding converter from class java.time.LocalDate to class java.util.Date as writing converter
2025-11-14 00:57:48 [restartedMain] DEBUG o.s.data.convert.CustomConversions - Adding converter from class java.util.Date to class java.time.LocalTime as reading converter
2025-11-14 00:57:48 [restartedMain] DEBUG o.s.data.convert.CustomConversions - Adding converter from class java.time.LocalTime to class java.util.Date as writing converter
2025-11-14 00:57:48 [restartedMain] DEBUG o.s.data.convert.CustomConversions - Adding converter from class java.util.Date to class java.time.Instant as reading converter
2025-11-14 00:57:48 [restartedMain] DEBUG o.s.data.convert.CustomConversions - Adding converter from class java.time.Instant to class java.util.Date as writing converter
2025-11-14 00:57:48 [restartedMain] DEBUG o.s.data.convert.CustomConversions - Adding converter from class java.time.LocalDateTime to class java.time.Instant as reading converter
2025-11-14 00:57:48 [restartedMain] DEBUG o.s.data.convert.CustomConversions - Adding converter from class java.time.Instant to class java.time.LocalDateTime as reading converter
2025-11-14 00:57:48 [restartedMain] DEBUG o.s.data.convert.CustomConversions - Adding converter from class java.time.ZoneId to class java.lang.String as writing converter
2025-11-14 00:57:48 [restartedMain] DEBUG o.s.data.convert.CustomConversions - Adding converter from class java.lang.String to class java.time.ZoneId as reading converter
2025-11-14 00:57:48 [restartedMain] DEBUG o.s.data.convert.CustomConversions - Adding converter from class java.time.Duration to class java.lang.String as writing converter
2025-11-14 00:57:48 [restartedMain] DEBUG o.s.data.convert.CustomConversions - Adding converter from class java.lang.String to class java.time.Duration as reading converter
2025-11-14 00:57:48 [restartedMain] DEBUG o.s.data.convert.CustomConversions - Adding converter from class java.time.Period to class java.lang.String as writing converter
2025-11-14 00:57:48 [restartedMain] DEBUG o.s.data.convert.CustomConversions - Adding converter from class java.lang.String to class java.time.Period as reading converter
2025-11-14 00:57:48 [restartedMain] DEBUG o.s.data.convert.CustomConversions - Adding converter from class java.lang.String to class java.time.LocalDate as reading converter
2025-11-14 00:57:48 [restartedMain] DEBUG o.s.data.convert.CustomConversions - Adding converter from class java.lang.String to class java.time.LocalDateTime as reading converter
2025-11-14 00:57:48 [restartedMain] DEBUG o.s.data.convert.CustomConversions - Adding converter from class java.lang.String to class java.time.Instant as reading converter
2025-11-14 00:57:49 [restartedMain] DEBUG o.s.data.convert.CustomConversions - Adding converter from class java.lang.String to class [B as writing converter
2025-11-14 00:57:49 [restartedMain] DEBUG o.s.data.convert.CustomConversions - Adding converter from class [B to class java.lang.String as reading converter
2025-11-14 00:57:49 [restartedMain] DEBUG o.s.data.convert.CustomConversions - Adding converter from class java.lang.Number to class [B as writing converter
2025-11-14 00:57:49 [restartedMain] DEBUG o.s.data.convert.CustomConversions - Adding converter from class [B to class java.lang.Number as reading converter
2025-11-14 00:57:49 [restartedMain] DEBUG o.s.data.convert.CustomConversions - Adding converter from class java.lang.Enum to class [B as writing converter
2025-11-14 00:57:49 [restartedMain] DEBUG o.s.data.convert.CustomConversions - Adding converter from class [B to class java.lang.Enum as reading converter
2025-11-14 00:57:49 [restartedMain] DEBUG o.s.data.convert.CustomConversions - Adding converter from class java.lang.Boolean to class [B as writing converter
2025-11-14 00:57:49 [restartedMain] DEBUG o.s.data.convert.CustomConversions - Adding converter from class [B to class java.lang.Boolean as reading converter
2025-11-14 00:57:49 [restartedMain] DEBUG o.s.data.convert.CustomConversions - Adding converter from class java.util.Date to class [B as writing converter
2025-11-14 00:57:49 [restartedMain] DEBUG o.s.data.convert.CustomConversions - Adding converter from class [B to class java.util.Date as reading converter
2025-11-14 00:57:49 [restartedMain] DEBUG o.s.data.convert.CustomConversions - Adding converter from class java.util.UUID to class [B as writing converter
2025-11-14 00:57:49 [restartedMain] DEBUG o.s.data.convert.CustomConversions - Adding converter from class [B to class java.util.UUID as reading converter
2025-11-14 00:57:49 [restartedMain] DEBUG o.s.data.convert.CustomConversions - Adding converter from class java.time.LocalDateTime to class [B as reading converter
2025-11-14 00:57:49 [restartedMain] DEBUG o.s.data.convert.CustomConversions - Adding converter from class [B to class java.time.LocalDateTime as reading converter
2025-11-14 00:57:49 [restartedMain] DEBUG o.s.data.convert.CustomConversions - Adding converter from class java.time.LocalDate to class [B as reading converter
2025-11-14 00:57:49 [restartedMain] DEBUG o.s.data.convert.CustomConversions - Adding converter from class [B to class java.time.LocalDate as reading converter
2025-11-14 00:57:49 [restartedMain] DEBUG o.s.data.convert.CustomConversions - Adding converter from class java.time.LocalTime to class [B as reading converter
2025-11-14 00:57:49 [restartedMain] DEBUG o.s.data.convert.CustomConversions - Adding converter from class [B to class java.time.LocalTime as reading converter
2025-11-14 00:57:49 [restartedMain] DEBUG o.s.data.convert.CustomConversions - Adding converter from class java.time.ZonedDateTime to class [B as reading converter
2025-11-14 00:57:49 [restartedMain] DEBUG o.s.data.convert.CustomConversions - Adding converter from class [B to class java.time.ZonedDateTime as reading converter
2025-11-14 00:57:49 [restartedMain] DEBUG o.s.data.convert.CustomConversions - Adding converter from class java.time.Instant to class [B as reading converter
2025-11-14 00:57:49 [restartedMain] DEBUG o.s.data.convert.CustomConversions - Adding converter from class [B to class java.time.Instant as reading converter
2025-11-14 00:57:49 [restartedMain] DEBUG o.s.data.convert.CustomConversions - Adding converter from class java.time.ZoneId to class [B as reading converter
2025-11-14 00:57:49 [restartedMain] DEBUG o.s.data.convert.CustomConversions - Adding converter from class [B to class java.time.ZoneId as reading converter
2025-11-14 00:57:49 [restartedMain] DEBUG o.s.data.convert.CustomConversions - Adding converter from class java.time.Period to class [B as reading converter
2025-11-14 00:57:49 [restartedMain] DEBUG o.s.data.convert.CustomConversions - Adding converter from class [B to class java.time.Period as reading converter
2025-11-14 00:57:49 [restartedMain] DEBUG o.s.data.convert.CustomConversions - Adding converter from class java.time.Duration to class [B as reading converter
2025-11-14 00:57:49 [restartedMain] DEBUG o.s.data.convert.CustomConversions - Adding converter from class [B to class java.time.Duration as reading converter
2025-11-14 00:57:49 [restartedMain] DEBUG o.s.data.convert.CustomConversions - Adding converter from class java.time.OffsetDateTime to class [B as reading converter
2025-11-14 00:57:49 [restartedMain] DEBUG o.s.data.convert.CustomConversions - Adding converter from class [B to class java.time.OffsetDateTime as reading converter
2025-11-14 00:57:49 [restartedMain] DEBUG o.s.data.convert.CustomConversions - Adding converter from class java.time.OffsetTime to class [B as reading converter
2025-11-14 00:57:49 [restartedMain] DEBUG o.s.data.convert.CustomConversions - Adding converter from class [B to class java.time.OffsetTime as reading converter
2025-11-14 00:57:49 [restartedMain] DEBUG o.s.data.convert.CustomConversions - Adding converter from class java.util.Date to class java.time.LocalDateTime as reading converter
2025-11-14 00:57:49 [restartedMain] DEBUG o.s.data.convert.CustomConversions - Adding converter from class java.time.LocalDateTime to class java.util.Date as writing converter
2025-11-14 00:57:49 [restartedMain] DEBUG o.s.data.convert.CustomConversions - Adding converter from class java.util.Date to class java.time.LocalDate as reading converter
2025-11-14 00:57:49 [restartedMain] DEBUG o.s.data.convert.CustomConversions - Adding converter from class java.time.LocalDate to class java.util.Date as writing converter
2025-11-14 00:57:49 [restartedMain] DEBUG o.s.data.convert.CustomConversions - Adding converter from class java.util.Date to class java.time.LocalTime as reading converter
2025-11-14 00:57:49 [restartedMain] DEBUG o.s.data.convert.CustomConversions - Adding converter from class java.time.LocalTime to class java.util.Date as writing converter
2025-11-14 00:57:49 [restartedMain] DEBUG o.s.data.convert.CustomConversions - Adding converter from class java.util.Date to class java.time.Instant as reading converter
2025-11-14 00:57:49 [restartedMain] DEBUG o.s.data.convert.CustomConversions - Adding converter from class java.time.Instant to class java.util.Date as writing converter
2025-11-14 00:57:49 [restartedMain] DEBUG o.s.data.convert.CustomConversions - Adding converter from class java.time.LocalDateTime to class java.time.Instant as reading converter
2025-11-14 00:57:49 [restartedMain] DEBUG o.s.data.convert.CustomConversions - Adding converter from class java.time.Instant to class java.time.LocalDateTime as reading converter
2025-11-14 00:57:49 [restartedMain] DEBUG o.s.data.convert.CustomConversions - Adding converter from class java.time.ZoneId to class java.lang.String as writing converter
2025-11-14 00:57:49 [restartedMain] DEBUG o.s.data.convert.CustomConversions - Adding converter from class java.lang.String to class java.time.ZoneId as reading converter
2025-11-14 00:57:49 [restartedMain] DEBUG o.s.data.convert.CustomConversions - Adding converter from class java.time.Duration to class java.lang.String as writing converter
2025-11-14 00:57:49 [restartedMain] DEBUG o.s.data.convert.CustomConversions - Adding converter from class java.lang.String to class java.time.Duration as reading converter
2025-11-14 00:57:49 [restartedMain] DEBUG o.s.data.convert.CustomConversions - Adding converter from class java.time.Period to class java.lang.String as writing converter
2025-11-14 00:57:49 [restartedMain] DEBUG o.s.data.convert.CustomConversions - Adding converter from class java.lang.String to class java.time.Period as reading converter
2025-11-14 00:57:49 [restartedMain] DEBUG o.s.data.convert.CustomConversions - Adding converter from class java.lang.String to class java.time.LocalDate as reading converter
2025-11-14 00:57:49 [restartedMain] DEBUG o.s.data.convert.CustomConversions - Adding converter from class java.lang.String to class java.time.LocalDateTime as reading converter
2025-11-14 00:57:49 [restartedMain] DEBUG o.s.data.convert.CustomConversions - Adding converter from class java.lang.String to class java.time.Instant as reading converter
2025-11-14 00:57:49 [restartedMain] DEBUG o.s.data.convert.CustomConversions - Adding converter from class java.lang.String to class [B as writing converter
2025-11-14 00:57:49 [restartedMain] DEBUG o.s.data.convert.CustomConversions - Adding converter from class [B to class java.lang.String as reading converter
2025-11-14 00:57:49 [restartedMain] DEBUG o.s.data.convert.CustomConversions - Adding converter from class java.lang.Number to class [B as writing converter
2025-11-14 00:57:49 [restartedMain] DEBUG o.s.data.convert.CustomConversions - Adding converter from class [B to class java.lang.Number as reading converter
2025-11-14 00:57:49 [restartedMain] DEBUG o.s.data.convert.CustomConversions - Adding converter from class java.lang.Enum to class [B as writing converter
2025-11-14 00:57:49 [restartedMain] DEBUG o.s.data.convert.CustomConversions - Adding converter from class [B to class java.lang.Enum as reading converter
2025-11-14 00:57:49 [restartedMain] DEBUG o.s.data.convert.CustomConversions - Adding converter from class java.lang.Boolean to class [B as writing converter
2025-11-14 00:57:49 [restartedMain] DEBUG o.s.data.convert.CustomConversions - Adding converter from class [B to class java.lang.Boolean as reading converter
2025-11-14 00:57:49 [restartedMain] DEBUG o.s.data.convert.CustomConversions - Adding converter from class java.util.Date to class [B as writing converter
2025-11-14 00:57:49 [restartedMain] DEBUG o.s.data.convert.CustomConversions - Adding converter from class [B to class java.util.Date as reading converter
2025-11-14 00:57:49 [restartedMain] DEBUG o.s.data.convert.CustomConversions - Adding converter from class java.util.UUID to class [B as writing converter
2025-11-14 00:57:49 [restartedMain] DEBUG o.s.data.convert.CustomConversions - Adding converter from class [B to class java.util.UUID as reading converter
2025-11-14 00:57:49 [restartedMain] DEBUG o.s.data.convert.CustomConversions - Adding converter from class java.time.LocalDateTime to class [B as reading converter
2025-11-14 00:57:49 [restartedMain] DEBUG o.s.data.convert.CustomConversions - Adding converter from class [B to class java.time.LocalDateTime as reading converter
2025-11-14 00:57:49 [restartedMain] DEBUG o.s.data.convert.CustomConversions - Adding converter from class java.time.LocalDate to class [B as reading converter
2025-11-14 00:57:49 [restartedMain] DEBUG o.s.data.convert.CustomConversions - Adding converter from class [B to class java.time.LocalDate as reading converter
2025-11-14 00:57:49 [restartedMain] DEBUG o.s.data.convert.CustomConversions - Adding converter from class java.time.LocalTime to class [B as reading converter
2025-11-14 00:57:49 [restartedMain] DEBUG o.s.data.convert.CustomConversions - Adding converter from class [B to class java.time.LocalTime as reading converter
2025-11-14 00:57:49 [restartedMain] DEBUG o.s.data.convert.CustomConversions - Adding converter from class java.time.ZonedDateTime to class [B as reading converter
2025-11-14 00:57:49 [restartedMain] DEBUG o.s.data.convert.CustomConversions - Adding converter from class [B to class java.time.ZonedDateTime as reading converter
2025-11-14 00:57:49 [restartedMain] DEBUG o.s.data.convert.CustomConversions - Adding converter from class java.time.Instant to class [B as reading converter
2025-11-14 00:57:49 [restartedMain] DEBUG o.s.data.convert.CustomConversions - Adding converter from class [B to class java.time.Instant as reading converter
2025-11-14 00:57:49 [restartedMain] DEBUG o.s.data.convert.CustomConversions - Adding converter from class java.time.ZoneId to class [B as reading converter
2025-11-14 00:57:49 [restartedMain] DEBUG o.s.data.convert.CustomConversions - Adding converter from class [B to class java.time.ZoneId as reading converter
2025-11-14 00:57:49 [restartedMain] DEBUG o.s.data.convert.CustomConversions - Adding converter from class java.time.Period to class [B as reading converter
2025-11-14 00:57:49 [restartedMain] DEBUG o.s.data.convert.CustomConversions - Adding converter from class [B to class java.time.Period as reading converter
2025-11-14 00:57:49 [restartedMain] DEBUG o.s.data.convert.CustomConversions - Adding converter from class java.time.Duration to class [B as reading converter
2025-11-14 00:57:49 [restartedMain] DEBUG o.s.data.convert.CustomConversions - Adding converter from class [B to class java.time.Duration as reading converter
2025-11-14 00:57:49 [restartedMain] DEBUG o.s.data.convert.CustomConversions - Adding converter from class java.time.OffsetDateTime to class [B as reading converter
2025-11-14 00:57:49 [restartedMain] DEBUG o.s.data.convert.CustomConversions - Adding converter from class [B to class java.time.OffsetDateTime as reading converter
2025-11-14 00:57:49 [restartedMain] DEBUG o.s.data.convert.CustomConversions - Adding converter from class java.time.OffsetTime to class [B as reading converter
2025-11-14 00:57:49 [restartedMain] DEBUG o.s.data.convert.CustomConversions - Adding converter from class [B to class java.time.OffsetTime as reading converter
2025-11-14 00:57:49 [restartedMain] DEBUG o.s.data.convert.CustomConversions - Adding converter from class java.util.Date to class java.time.LocalDateTime as reading converter
2025-11-14 00:57:49 [restartedMain] DEBUG o.s.data.convert.CustomConversions - Adding converter from class java.time.LocalDateTime to class java.util.Date as writing converter
2025-11-14 00:57:49 [restartedMain] DEBUG o.s.data.convert.CustomConversions - Adding converter from class java.util.Date to class java.time.LocalDate as reading converter
2025-11-14 00:57:49 [restartedMain] DEBUG o.s.data.convert.CustomConversions - Adding converter from class java.time.LocalDate to class java.util.Date as writing converter
2025-11-14 00:57:49 [restartedMain] DEBUG o.s.data.convert.CustomConversions - Adding converter from class java.util.Date to class java.time.LocalTime as reading converter
2025-11-14 00:57:49 [restartedMain] DEBUG o.s.data.convert.CustomConversions - Adding converter from class java.time.LocalTime to class java.util.Date as writing converter
2025-11-14 00:57:49 [restartedMain] DEBUG o.s.data.convert.CustomConversions - Adding converter from class java.util.Date to class java.time.Instant as reading converter
2025-11-14 00:57:49 [restartedMain] DEBUG o.s.data.convert.CustomConversions - Adding converter from class java.time.Instant to class java.util.Date as writing converter
2025-11-14 00:57:49 [restartedMain] DEBUG o.s.data.convert.CustomConversions - Adding converter from class java.time.LocalDateTime to class java.time.Instant as reading converter
2025-11-14 00:57:49 [restartedMain] DEBUG o.s.data.convert.CustomConversions - Adding converter from class java.time.Instant to class java.time.LocalDateTime as reading converter
2025-11-14 00:57:49 [restartedMain] DEBUG o.s.data.convert.CustomConversions - Adding converter from class java.time.ZoneId to class java.lang.String as writing converter
2025-11-14 00:57:49 [restartedMain] DEBUG o.s.data.convert.CustomConversions - Adding converter from class java.lang.String to class java.time.ZoneId as reading converter
2025-11-14 00:57:49 [restartedMain] DEBUG o.s.data.convert.CustomConversions - Adding converter from class java.time.Duration to class java.lang.String as writing converter
2025-11-14 00:57:49 [restartedMain] DEBUG o.s.data.convert.CustomConversions - Adding converter from class java.lang.String to class java.time.Duration as reading converter
2025-11-14 00:57:49 [restartedMain] DEBUG o.s.data.convert.CustomConversions - Adding converter from class java.time.Period to class java.lang.String as writing converter
2025-11-14 00:57:49 [restartedMain] DEBUG o.s.data.convert.CustomConversions - Adding converter from class java.lang.String to class java.time.Period as reading converter
2025-11-14 00:57:49 [restartedMain] DEBUG o.s.data.convert.CustomConversions - Adding converter from class java.lang.String to class java.time.LocalDate as reading converter
2025-11-14 00:57:49 [restartedMain] DEBUG o.s.data.convert.CustomConversions - Adding converter from class java.lang.String to class java.time.LocalDateTime as reading converter
2025-11-14 00:57:49 [restartedMain] DEBUG o.s.data.convert.CustomConversions - Adding converter from class java.lang.String to class java.time.Instant as reading converter
2025-11-14 00:57:49 [restartedMain] DEBUG o.s.data.convert.CustomConversions - Adding converter from class java.lang.String to class [B as writing converter
2025-11-14 00:57:49 [restartedMain] DEBUG o.s.data.convert.CustomConversions - Adding converter from class [B to class java.lang.String as reading converter
2025-11-14 00:57:49 [restartedMain] DEBUG o.s.data.convert.CustomConversions - Adding converter from class java.lang.Number to class [B as writing converter
2025-11-14 00:57:49 [restartedMain] DEBUG o.s.data.convert.CustomConversions - Adding converter from class [B to class java.lang.Number as reading converter
2025-11-14 00:57:49 [restartedMain] DEBUG o.s.data.convert.CustomConversions - Adding converter from class java.lang.Enum to class [B as writing converter
2025-11-14 00:57:49 [restartedMain] DEBUG o.s.data.convert.CustomConversions - Adding converter from class [B to class java.lang.Enum as reading converter
2025-11-14 00:57:49 [restartedMain] DEBUG o.s.data.convert.CustomConversions - Adding converter from class java.lang.Boolean to class [B as writing converter
2025-11-14 00:57:49 [restartedMain] DEBUG o.s.data.convert.CustomConversions - Adding converter from class [B to class java.lang.Boolean as reading converter
2025-11-14 00:57:49 [restartedMain] DEBUG o.s.data.convert.CustomConversions - Adding converter from class java.util.Date to class [B as writing converter
2025-11-14 00:57:49 [restartedMain] DEBUG o.s.data.convert.CustomConversions - Adding converter from class [B to class java.util.Date as reading converter
2025-11-14 00:57:49 [restartedMain] DEBUG o.s.data.convert.CustomConversions - Adding converter from class java.util.UUID to class [B as writing converter
2025-11-14 00:57:49 [restartedMain] DEBUG o.s.data.convert.CustomConversions - Adding converter from class [B to class java.util.UUID as reading converter
2025-11-14 00:57:49 [restartedMain] DEBUG o.s.data.convert.CustomConversions - Adding converter from class java.time.LocalDateTime to class [B as reading converter
2025-11-14 00:57:49 [restartedMain] DEBUG o.s.data.convert.CustomConversions - Adding converter from class [B to class java.time.LocalDateTime as reading converter
2025-11-14 00:57:49 [restartedMain] DEBUG o.s.data.convert.CustomConversions - Adding converter from class java.time.LocalDate to class [B as reading converter
2025-11-14 00:57:49 [restartedMain] DEBUG o.s.data.convert.CustomConversions - Adding converter from class [B to class java.time.LocalDate as reading converter
2025-11-14 00:57:49 [restartedMain] DEBUG o.s.data.convert.CustomConversions - Adding converter from class java.time.LocalTime to class [B as reading converter
2025-11-14 00:57:49 [restartedMain] DEBUG o.s.data.convert.CustomConversions - Adding converter from class [B to class java.time.LocalTime as reading converter
2025-11-14 00:57:49 [restartedMain] DEBUG o.s.data.convert.CustomConversions - Adding converter from class java.time.ZonedDateTime to class [B as reading converter
2025-11-14 00:57:49 [restartedMain] DEBUG o.s.data.convert.CustomConversions - Adding converter from class [B to class java.time.ZonedDateTime as reading converter
2025-11-14 00:57:49 [restartedMain] DEBUG o.s.data.convert.CustomConversions - Adding converter from class java.time.Instant to class [B as reading converter
2025-11-14 00:57:49 [restartedMain] DEBUG o.s.data.convert.CustomConversions - Adding converter from class [B to class java.time.Instant as reading converter
2025-11-14 00:57:49 [restartedMain] DEBUG o.s.data.convert.CustomConversions - Adding converter from class java.time.ZoneId to class [B as reading converter
2025-11-14 00:57:49 [restartedMain] DEBUG o.s.data.convert.CustomConversions - Adding converter from class [B to class java.time.ZoneId as reading converter
2025-11-14 00:57:49 [restartedMain] DEBUG o.s.data.convert.CustomConversions - Adding converter from class java.time.Period to class [B as reading converter
2025-11-14 00:57:49 [restartedMain] DEBUG o.s.data.convert.CustomConversions - Adding converter from class [B to class java.time.Period as reading converter
2025-11-14 00:57:49 [restartedMain] DEBUG o.s.data.convert.CustomConversions - Adding converter from class java.time.Duration to class [B as reading converter
2025-11-14 00:57:49 [restartedMain] DEBUG o.s.data.convert.CustomConversions - Adding converter from class [B to class java.time.Duration as reading converter
2025-11-14 00:57:49 [restartedMain] DEBUG o.s.data.convert.CustomConversions - Adding converter from class java.time.OffsetDateTime to class [B as reading converter
2025-11-14 00:57:49 [restartedMain] DEBUG o.s.data.convert.CustomConversions - Adding converter from class [B to class java.time.OffsetDateTime as reading converter
2025-11-14 00:57:49 [restartedMain] DEBUG o.s.data.convert.CustomConversions - Adding converter from class java.time.OffsetTime to class [B as reading converter
2025-11-14 00:57:49 [restartedMain] DEBUG o.s.data.convert.CustomConversions - Adding converter from class [B to class java.time.OffsetTime as reading converter
2025-11-14 00:57:49 [restartedMain] DEBUG o.s.data.convert.CustomConversions - Adding converter from class java.util.Date to class java.time.LocalDateTime as reading converter
2025-11-14 00:57:49 [restartedMain] DEBUG o.s.data.convert.CustomConversions - Adding converter from class java.time.LocalDateTime to class java.util.Date as writing converter
2025-11-14 00:57:49 [restartedMain] DEBUG o.s.data.convert.CustomConversions - Adding converter from class java.util.Date to class java.time.LocalDate as reading converter
2025-11-14 00:57:49 [restartedMain] DEBUG o.s.data.convert.CustomConversions - Adding converter from class java.time.LocalDate to class java.util.Date as writing converter
2025-11-14 00:57:49 [restartedMain] DEBUG o.s.data.convert.CustomConversions - Adding converter from class java.util.Date to class java.time.LocalTime as reading converter
2025-11-14 00:57:49 [restartedMain] DEBUG o.s.data.convert.CustomConversions - Adding converter from class java.time.LocalTime to class java.util.Date as writing converter
2025-11-14 00:57:49 [restartedMain] DEBUG o.s.data.convert.CustomConversions - Adding converter from class java.util.Date to class java.time.Instant as reading converter
2025-11-14 00:57:49 [restartedMain] DEBUG o.s.data.convert.CustomConversions - Adding converter from class java.time.Instant to class java.util.Date as writing converter
2025-11-14 00:57:49 [restartedMain] DEBUG o.s.data.convert.CustomConversions - Adding converter from class java.time.LocalDateTime to class java.time.Instant as reading converter
2025-11-14 00:57:49 [restartedMain] DEBUG o.s.data.convert.CustomConversions - Adding converter from class java.time.Instant to class java.time.LocalDateTime as reading converter
2025-11-14 00:57:49 [restartedMain] DEBUG o.s.data.convert.CustomConversions - Adding converter from class java.time.ZoneId to class java.lang.String as writing converter
2025-11-14 00:57:49 [restartedMain] DEBUG o.s.data.convert.CustomConversions - Adding converter from class java.lang.String to class java.time.ZoneId as reading converter
2025-11-14 00:57:49 [restartedMain] DEBUG o.s.data.convert.CustomConversions - Adding converter from class java.time.Duration to class java.lang.String as writing converter
2025-11-14 00:57:49 [restartedMain] DEBUG o.s.data.convert.CustomConversions - Adding converter from class java.lang.String to class java.time.Duration as reading converter
2025-11-14 00:57:49 [restartedMain] DEBUG o.s.data.convert.CustomConversions - Adding converter from class java.time.Period to class java.lang.String as writing converter
2025-11-14 00:57:49 [restartedMain] DEBUG o.s.data.convert.CustomConversions - Adding converter from class java.lang.String to class java.time.Period as reading converter
2025-11-14 00:57:49 [restartedMain] DEBUG o.s.data.convert.CustomConversions - Adding converter from class java.lang.String to class java.time.LocalDate as reading converter
2025-11-14 00:57:49 [restartedMain] DEBUG o.s.data.convert.CustomConversions - Adding converter from class java.lang.String to class java.time.LocalDateTime as reading converter
2025-11-14 00:57:49 [restartedMain] DEBUG o.s.data.convert.CustomConversions - Adding converter from class java.lang.String to class java.time.Instant as reading converter
2025-11-14 00:57:50 [restartedMain] INFO  o.s.b.d.a.OptionalLiveReloadServer - LiveReload server is running on port 35729
2025-11-14 00:57:51 [restartedMain] INFO  o.s.cloud.commons.util.InetUtils - Cannot determine local hostname
2025-11-14 00:57:51 [restartedMain] INFO  o.s.c.n.e.c.DiscoveryClientOptionalArgsConfiguration - Eureka HTTP Client uses RestTemplate.
2025-11-14 00:57:51 [restartedMain] WARN  o.s.c.l.c.LoadBalancerCacheAutoConfiguration$LoadBalancerCaffeineWarnLogger - Spring Cloud LoadBalancer is currently working with the default cache. While this cache implementation is useful for development and tests, it's recommended to use Caffeine cache in production.You can switch to using Caffeine cache, by adding it and org.springframework.cache.caffeine.CaffeineCacheManager to the classpath.
2025-11-14 00:57:52 [restartedMain] INFO  o.s.c.n.eureka.InstanceInfoFactory - Setting initial instance status as: STARTING
2025-11-14 00:57:52 [restartedMain] INFO  c.netflix.discovery.DiscoveryClient - Initializing Eureka in region us-east-1
2025-11-14 00:57:52 [restartedMain] INFO  c.n.d.s.r.aws.ConfigClusterResolver - Resolving eureka endpoints via configuration
2025-11-14 00:57:52 [restartedMain] INFO  c.netflix.discovery.DiscoveryClient - Disable delta property : false
2025-11-14 00:57:52 [restartedMain] INFO  c.netflix.discovery.DiscoveryClient - Single vip registry refresh property : null
2025-11-14 00:57:52 [restartedMain] INFO  c.netflix.discovery.DiscoveryClient - Force full registry fetch : false
2025-11-14 00:57:52 [restartedMain] INFO  c.netflix.discovery.DiscoveryClient - Application is null : false
2025-11-14 00:57:52 [restartedMain] INFO  c.netflix.discovery.DiscoveryClient - Registered Applications size is zero : true
2025-11-14 00:57:52 [restartedMain] INFO  c.netflix.discovery.DiscoveryClient - Application version is -1: true
2025-11-14 00:57:52 [restartedMain] INFO  c.netflix.discovery.DiscoveryClient - Getting all instance registry info from the eureka server
2025-11-14 00:57:53 [restartedMain] DEBUG o.s.web.client.RestTemplate - HTTP GET http://localhost:8761/eureka/apps/
2025-11-14 00:57:53 [restartedMain] DEBUG o.s.web.client.RestTemplate - Accept=[application/json, application/yaml, application/*+json]
2025-11-14 00:57:53 [restartedMain] INFO  c.n.d.s.t.d.RedirectingEurekaHttpClient - Request execution error. endpoint=DefaultEndpoint{ serviceUrl='http://localhost:8761/eureka/}, exception=I/O error on GET request for "http://localhost:8761/eureka/apps/": Connect to http://localhost:8761 failed: Connection refused: getsockopt stacktrace=org.springframework.web.client.ResourceAccessException: I/O error on GET request for "http://localhost:8761/eureka/apps/": Connect to http://localhost:8761 failed: Connection refused: getsockopt
	at org.springframework.web.client.RestTemplate.createResourceAccessException(RestTemplate.java:926)
	at org.springframework.web.client.RestTemplate.doExecute(RestTemplate.java:906)
	at org.springframework.web.client.RestTemplate.execute(RestTemplate.java:841)
	at org.springframework.web.client.RestTemplate.exchange(RestTemplate.java:702)
	at org.springframework.cloud.netflix.eureka.http.RestTemplateEurekaHttpClient.getApplicationsInternal(RestTemplateEurekaHttpClient.java:174)
	at org.springframework.cloud.netflix.eureka.http.RestTemplateEurekaHttpClient.getApplications(RestTemplateEurekaHttpClient.java:162)
	at com.netflix.discovery.shared.transport.decorator.EurekaHttpClientDecorator$6.execute(EurekaHttpClientDecorator.java:137)
	at com.netflix.discovery.shared.transport.decorator.RedirectingEurekaHttpClient.executeOnNewServer(RedirectingEurekaHttpClient.java:121)
	at com.netflix.discovery.shared.transport.decorator.RedirectingEurekaHttpClient.execute(RedirectingEurekaHttpClient.java:80)
	at com.netflix.discovery.shared.transport.decorator.EurekaHttpClientDecorator.getApplications(EurekaHttpClientDecorator.java:134)
	at com.netflix.discovery.shared.transport.decorator.EurekaHttpClientDecorator$6.execute(EurekaHttpClientDecorator.java:137)
	at com.netflix.discovery.shared.transport.decorator.RetryableEurekaHttpClient.execute(RetryableEurekaHttpClient.java:120)
	at com.netflix.discovery.shared.transport.decorator.EurekaHttpClientDecorator.getApplications(EurekaHttpClientDecorator.java:134)
	at com.netflix.discovery.shared.transport.decorator.EurekaHttpClientDecorator$6.execute(EurekaHttpClientDecorator.java:137)
	at com.netflix.discovery.shared.transport.decorator.SessionedEurekaHttpClient.execute(SessionedEurekaHttpClient.java:76)
	at com.netflix.discovery.shared.transport.decorator.EurekaHttpClientDecorator.getApplications(EurekaHttpClientDecorator.java:134)
	at com.netflix.discovery.DiscoveryClient.getAndStoreFullRegistry(DiscoveryClient.java:1046)
	at com.netflix.discovery.DiscoveryClient.fetchRegistry(DiscoveryClient.java:961)
	at com.netflix.discovery.DiscoveryClient.<init>(DiscoveryClient.java:410)
	at com.netflix.discovery.DiscoveryClient.<init>(DiscoveryClient.java:245)
	at com.netflix.discovery.DiscoveryClient.<init>(DiscoveryClient.java:240)
	at org.springframework.cloud.netflix.eureka.CloudEurekaClient.<init>(CloudEurekaClient.java:68)
	at org.springframework.cloud.netflix.eureka.EurekaClientAutoConfiguration$RefreshableEurekaClientConfiguration.eurekaClient(EurekaClientAutoConfiguration.java:324)
	at java.base/jdk.internal.reflect.DirectMethodHandleAccessor.invoke(DirectMethodHandleAccessor.java:103)
	at java.base/java.lang.reflect.Method.invoke(Method.java:580)
	at org.springframework.beans.factory.support.SimpleInstantiationStrategy.lambda$instantiate$0(SimpleInstantiationStrategy.java:172)
	at org.springframework.beans.factory.support.SimpleInstantiationStrategy.instantiateWithFactoryMethod(SimpleInstantiationStrategy.java:89)
	at org.springframework.beans.factory.support.SimpleInstantiationStrategy.instantiate(SimpleInstantiationStrategy.java:169)
	at org.springframework.beans.factory.support.ConstructorResolver.instantiate(ConstructorResolver.java:653)
	at org.springframework.beans.factory.support.ConstructorResolver.instantiateUsingFactoryMethod(ConstructorResolver.java:645)
	at org.springframework.beans.factory.support.AbstractAutowireCapableBeanFactory.instantiateUsingFactoryMethod(AbstractAutowireCapableBeanFactory.java:1375)
	at org.springframework.beans.factory.support.AbstractAutowireCapableBeanFactory.createBeanInstance(AbstractAutowireCapableBeanFactory.java:1205)
	at org.springframework.beans.factory.support.AbstractAutowireCapableBeanFactory.doCreateBean(AbstractAutowireCapableBeanFactory.java:569)
	at org.springframework.beans.factory.support.AbstractAutowireCapableBeanFactory.createBean(AbstractAutowireCapableBeanFactory.java:529)
	at org.springframework.beans.factory.support.AbstractBeanFactory.lambda$doGetBean$1(AbstractBeanFactory.java:378)
	at org.springframework.cloud.context.scope.GenericScope$BeanLifecycleWrapper.getBean(GenericScope.java:373)
	at org.springframework.cloud.context.scope.GenericScope.get(GenericScope.java:177)
	at org.springframework.beans.factory.support.AbstractBeanFactory.doGetBean(AbstractBeanFactory.java:375)
	at org.springframework.beans.factory.support.AbstractBeanFactory.getBean(AbstractBeanFactory.java:202)
	at org.springframework.aop.target.SimpleBeanTargetSource.getTarget(SimpleBeanTargetSource.java:35)
	at org.springframework.cloud.netflix.eureka.serviceregistry.EurekaRegistration.getTargetObject(EurekaRegistration.java:128)
	at org.springframework.cloud.netflix.eureka.serviceregistry.EurekaRegistration.getEurekaClient(EurekaRegistration.java:116)
	at java.base/jdk.internal.reflect.DirectMethodHandleAccessor.invoke(DirectMethodHandleAccessor.java:103)
	at java.base/java.lang.reflect.Method.invoke(Method.java:580)
	at org.springframework.util.ReflectionUtils.invokeMethod(ReflectionUtils.java:281)
	at org.springframework.cloud.context.scope.GenericScope$LockedScopedProxyFactoryBean.invoke(GenericScope.java:480)
	at org.springframework.aop.framework.ReflectiveMethodInvocation.proceed(ReflectiveMethodInvocation.java:184)
	at org.springframework.aop.framework.CglibAopProxy$DynamicAdvisedInterceptor.intercept(CglibAopProxy.java:728)
	at org.springframework.cloud.netflix.eureka.serviceregistry.EurekaRegistration$$SpringCGLIB$$0.getEurekaClient(<generated>)
	at org.springframework.cloud.netflix.eureka.serviceregistry.EurekaServiceRegistry.maybeInitializeClient(EurekaServiceRegistry.java:83)
	at org.springframework.cloud.netflix.eureka.serviceregistry.EurekaServiceRegistry.register(EurekaServiceRegistry.java:66)
	at org.springframework.cloud.netflix.eureka.serviceregistry.EurekaAutoServiceRegistration.start(EurekaAutoServiceRegistration.java:89)
	at org.springframework.context.support.DefaultLifecycleProcessor.doStart(DefaultLifecycleProcessor.java:405)
	at org.springframework.context.support.DefaultLifecycleProcessor.doStart(DefaultLifecycleProcessor.java:394)
	at org.springframework.context.support.DefaultLifecycleProcessor$LifecycleGroup.start(DefaultLifecycleProcessor.java:586)
	at java.base/java.lang.Iterable.forEach(Iterable.java:75)
	at org.springframework.context.support.DefaultLifecycleProcessor.startBeans(DefaultLifecycleProcessor.java:364)
	at org.springframework.context.support.DefaultLifecycleProcessor.onRefresh(DefaultLifecycleProcessor.java:310)
	at org.springframework.context.support.AbstractApplicationContext.finishRefresh(AbstractApplicationContext.java:1006)
	at org.springframework.context.support.AbstractApplicationContext.refresh(AbstractApplicationContext.java:630)
	at org.springframework.boot.web.servlet.context.ServletWebServerApplicationContext.refresh(ServletWebServerApplicationContext.java:146)
	at org.springframework.boot.SpringApplication.refresh(SpringApplication.java:752)
	at org.springframework.boot.SpringApplication.refreshContext(SpringApplication.java:439)
	at org.springframework.boot.SpringApplication.run(SpringApplication.java:318)
	at org.springframework.boot.SpringApplication.run(SpringApplication.java:1361)
	at org.springframework.boot.SpringApplication.run(SpringApplication.java:1350)
	at org.example.cuidadodemascotas.servicemicroservice.ServiceMicroserviceApplication.main(ServiceMicroserviceApplication.java:24)
	at java.base/jdk.internal.reflect.DirectMethodHandleAccessor.invoke(DirectMethodHandleAccessor.java:103)
	at java.base/java.lang.reflect.Method.invoke(Method.java:580)
	at org.springframework.boot.devtools.restart.RestartLauncher.run(RestartLauncher.java:50)
Caused by: org.apache.hc.client5.http.HttpHostConnectException: Connect to http://localhost:8761 failed: Connection refused: getsockopt
	at java.base/sun.nio.ch.Net.pollConnect(Native Method)
	at java.base/sun.nio.ch.Net.pollConnectNow(Net.java:682)
	at java.base/sun.nio.ch.NioSocketImpl.timedFinishConnect(NioSocketImpl.java:542)
	at java.base/sun.nio.ch.NioSocketImpl.connect(NioSocketImpl.java:592)
	at java.base/java.net.SocksSocketImpl.connect(SocksSocketImpl.java:327)
	at java.base/java.net.Socket.connect(Socket.java:751)
	at org.apache.hc.client5.http.impl.io.DefaultHttpClientConnectionOperator.connect(DefaultHttpClientConnectionOperator.java:205)
	at org.apache.hc.client5.http.impl.io.PoolingHttpClientConnectionManager.connect(PoolingHttpClientConnectionManager.java:490)
	at org.apache.hc.client5.http.impl.classic.InternalExecRuntime.connectEndpoint(InternalExecRuntime.java:164)
	at org.apache.hc.client5.http.impl.classic.InternalExecRuntime.connectEndpoint(InternalExecRuntime.java:174)
	at org.apache.hc.client5.http.impl.classic.ConnectExec.execute(ConnectExec.java:144)
	at org.apache.hc.client5.http.impl.classic.ExecChainElement.execute(ExecChainElement.java:51)
	at org.apache.hc.client5.http.impl.classic.ProtocolExec.execute(ProtocolExec.java:195)
	at org.apache.hc.client5.http.impl.classic.ExecChainElement.execute(ExecChainElement.java:51)
	at org.apache.hc.client5.http.impl.classic.ContentCompressionExec.execute(ContentCompressionExec.java:150)
	at org.apache.hc.client5.http.impl.classic.ExecChainElement.execute(ExecChainElement.java:51)
	at org.apache.hc.client5.http.impl.classic.HttpRequestRetryExec.execute(HttpRequestRetryExec.java:113)
	at org.apache.hc.client5.http.impl.classic.ExecChainElement.execute(ExecChainElement.java:51)
	at org.apache.hc.client5.http.impl.classic.RedirectExec.execute(RedirectExec.java:110)
	at org.apache.hc.client5.http.impl.classic.ExecChainElement.execute(ExecChainElement.java:51)
	at org.apache.hc.client5.http.impl.classic.InternalHttpClient.doExecute(InternalHttpClient.java:185)
	at org.apache.hc.client5.http.impl.classic.CloseableHttpClient.execute(CloseableHttpClient.java:87)
	at org.apache.hc.client5.http.impl.classic.CloseableHttpClient.execute(CloseableHttpClient.java:55)
	at org.apache.hc.client5.http.classic.HttpClient.executeOpen(HttpClient.java:183)
	at org.springframework.http.client.HttpComponentsClientHttpRequest.executeInternal(HttpComponentsClientHttpRequest.java:99)
	at org.springframework.http.client.AbstractStreamingClientHttpRequest.executeInternal(AbstractStreamingClientHttpRequest.java:71)
	at org.springframework.http.client.AbstractClientHttpRequest.execute(AbstractClientHttpRequest.java:81)
	at org.springframework.http.client.InterceptingClientHttpRequest$InterceptingRequestExecution.execute(InterceptingClientHttpRequest.java:117)
	at org.springframework.cloud.netflix.eureka.http.RestTemplateTransportClientFactory.lambda$restTemplate$2(RestTemplateTransportClientFactory.java:145)
	at org.springframework.http.client.InterceptingClientHttpRequest$InterceptingRequestExecution.execute(InterceptingClientHttpRequest.java:88)
	at org.springframework.http.client.InterceptingClientHttpRequest.executeInternal(InterceptingClientHttpRequest.java:72)
	at org.springframework.http.client.AbstractBufferingClientHttpRequest.executeInternal(AbstractBufferingClientHttpRequest.java:48)
	at org.springframework.http.client.AbstractClientHttpRequest.execute(AbstractClientHttpRequest.java:81)
	at org.springframework.web.client.RestTemplate.doExecute(RestTemplate.java:900)
	... 68 more

2025-11-14 00:57:53 [restartedMain] WARN  c.n.d.s.t.d.RetryableEurekaHttpClient - Request execution failed with message: I/O error on GET request for "http://localhost:8761/eureka/apps/": Connect to http://localhost:8761 failed: Connection refused: getsockopt
2025-11-14 00:57:53 [restartedMain] INFO  c.netflix.discovery.DiscoveryClient - DiscoveryClient_APIREST-SERVICES/apirest-services:8083 - was unable to refresh its cache! This periodic background refresh will be retried in 30 seconds. status = Cannot execute request on any known server stacktrace = com.netflix.discovery.shared.transport.TransportException: Cannot execute request on any known server
	at com.netflix.discovery.shared.transport.decorator.RetryableEurekaHttpClient.execute(RetryableEurekaHttpClient.java:112)
	at com.netflix.discovery.shared.transport.decorator.EurekaHttpClientDecorator.getApplications(EurekaHttpClientDecorator.java:134)
	at com.netflix.discovery.shared.transport.decorator.EurekaHttpClientDecorator$6.execute(EurekaHttpClientDecorator.java:137)
	at com.netflix.discovery.shared.transport.decorator.SessionedEurekaHttpClient.execute(SessionedEurekaHttpClient.java:76)
	at com.netflix.discovery.shared.transport.decorator.EurekaHttpClientDecorator.getApplications(EurekaHttpClientDecorator.java:134)
	at com.netflix.discovery.DiscoveryClient.getAndStoreFullRegistry(DiscoveryClient.java:1046)
	at com.netflix.discovery.DiscoveryClient.fetchRegistry(DiscoveryClient.java:961)
	at com.netflix.discovery.DiscoveryClient.<init>(DiscoveryClient.java:410)
	at com.netflix.discovery.DiscoveryClient.<init>(DiscoveryClient.java:245)
	at com.netflix.discovery.DiscoveryClient.<init>(DiscoveryClient.java:240)
	at org.springframework.cloud.netflix.eureka.CloudEurekaClient.<init>(CloudEurekaClient.java:68)
	at org.springframework.cloud.netflix.eureka.EurekaClientAutoConfiguration$RefreshableEurekaClientConfiguration.eurekaClient(EurekaClientAutoConfiguration.java:324)
	at java.base/jdk.internal.reflect.DirectMethodHandleAccessor.invoke(DirectMethodHandleAccessor.java:103)
	at java.base/java.lang.reflect.Method.invoke(Method.java:580)
	at org.springframework.beans.factory.support.SimpleInstantiationStrategy.lambda$instantiate$0(SimpleInstantiationStrategy.java:172)
	at org.springframework.beans.factory.support.SimpleInstantiationStrategy.instantiateWithFactoryMethod(SimpleInstantiationStrategy.java:89)
	at org.springframework.beans.factory.support.SimpleInstantiationStrategy.instantiate(SimpleInstantiationStrategy.java:169)
	at org.springframework.beans.factory.support.ConstructorResolver.instantiate(ConstructorResolver.java:653)
	at org.springframework.beans.factory.support.ConstructorResolver.instantiateUsingFactoryMethod(ConstructorResolver.java:645)
	at org.springframework.beans.factory.support.AbstractAutowireCapableBeanFactory.instantiateUsingFactoryMethod(AbstractAutowireCapableBeanFactory.java:1375)
	at org.springframework.beans.factory.support.AbstractAutowireCapableBeanFactory.createBeanInstance(AbstractAutowireCapableBeanFactory.java:1205)
	at org.springframework.beans.factory.support.AbstractAutowireCapableBeanFactory.doCreateBean(AbstractAutowireCapableBeanFactory.java:569)
	at org.springframework.beans.factory.support.AbstractAutowireCapableBeanFactory.createBean(AbstractAutowireCapableBeanFactory.java:529)
	at org.springframework.beans.factory.support.AbstractBeanFactory.lambda$doGetBean$1(AbstractBeanFactory.java:378)
	at org.springframework.cloud.context.scope.GenericScope$BeanLifecycleWrapper.getBean(GenericScope.java:373)
	at org.springframework.cloud.context.scope.GenericScope.get(GenericScope.java:177)
	at org.springframework.beans.factory.support.AbstractBeanFactory.doGetBean(AbstractBeanFactory.java:375)
	at org.springframework.beans.factory.support.AbstractBeanFactory.getBean(AbstractBeanFactory.java:202)
	at org.springframework.aop.target.SimpleBeanTargetSource.getTarget(SimpleBeanTargetSource.java:35)
	at org.springframework.cloud.netflix.eureka.serviceregistry.EurekaRegistration.getTargetObject(EurekaRegistration.java:128)
	at org.springframework.cloud.netflix.eureka.serviceregistry.EurekaRegistration.getEurekaClient(EurekaRegistration.java:116)
	at java.base/jdk.internal.reflect.DirectMethodHandleAccessor.invoke(DirectMethodHandleAccessor.java:103)
	at java.base/java.lang.reflect.Method.invoke(Method.java:580)
	at org.springframework.util.ReflectionUtils.invokeMethod(ReflectionUtils.java:281)
	at org.springframework.cloud.context.scope.GenericScope$LockedScopedProxyFactoryBean.invoke(GenericScope.java:480)
	at org.springframework.aop.framework.ReflectiveMethodInvocation.proceed(ReflectiveMethodInvocation.java:184)
	at org.springframework.aop.framework.CglibAopProxy$DynamicAdvisedInterceptor.intercept(CglibAopProxy.java:728)
	at org.springframework.cloud.netflix.eureka.serviceregistry.EurekaRegistration$$SpringCGLIB$$0.getEurekaClient(<generated>)
	at org.springframework.cloud.netflix.eureka.serviceregistry.EurekaServiceRegistry.maybeInitializeClient(EurekaServiceRegistry.java:83)
	at org.springframework.cloud.netflix.eureka.serviceregistry.EurekaServiceRegistry.register(EurekaServiceRegistry.java:66)
	at org.springframework.cloud.netflix.eureka.serviceregistry.EurekaAutoServiceRegistration.start(EurekaAutoServiceRegistration.java:89)
	at org.springframework.context.support.DefaultLifecycleProcessor.doStart(DefaultLifecycleProcessor.java:405)
	at org.springframework.context.support.DefaultLifecycleProcessor.doStart(DefaultLifecycleProcessor.java:394)
	at org.springframework.context.support.DefaultLifecycleProcessor$LifecycleGroup.start(DefaultLifecycleProcessor.java:586)
	at java.base/java.lang.Iterable.forEach(Iterable.java:75)
	at org.springframework.context.support.DefaultLifecycleProcessor.startBeans(DefaultLifecycleProcessor.java:364)
	at org.springframework.context.support.DefaultLifecycleProcessor.onRefresh(DefaultLifecycleProcessor.java:310)
	at org.springframework.context.support.AbstractApplicationContext.finishRefresh(AbstractApplicationContext.java:1006)
	at org.springframework.context.support.AbstractApplicationContext.refresh(AbstractApplicationContext.java:630)
	at org.springframework.boot.web.servlet.context.ServletWebServerApplicationContext.refresh(ServletWebServerApplicationContext.java:146)
	at org.springframework.boot.SpringApplication.refresh(SpringApplication.java:752)
	at org.springframework.boot.SpringApplication.refreshContext(SpringApplication.java:439)
	at org.springframework.boot.SpringApplication.run(SpringApplication.java:318)
	at org.springframework.boot.SpringApplication.run(SpringApplication.java:1361)
	at org.springframework.boot.SpringApplication.run(SpringApplication.java:1350)
	at org.example.cuidadodemascotas.servicemicroservice.ServiceMicroserviceApplication.main(ServiceMicroserviceApplication.java:24)
	at java.base/jdk.internal.reflect.DirectMethodHandleAccessor.invoke(DirectMethodHandleAccessor.java:103)
	at java.base/java.lang.reflect.Method.invoke(Method.java:580)
	at org.springframework.boot.devtools.restart.RestartLauncher.run(RestartLauncher.java:50)

2025-11-14 00:57:53 [restartedMain] INFO  c.netflix.discovery.DiscoveryClient - Initial registry fetch from primary servers failed
2025-11-14 00:57:53 [restartedMain] WARN  c.netflix.discovery.DiscoveryClient - Using default backup registry implementation which does not do anything.
2025-11-14 00:57:53 [restartedMain] INFO  c.netflix.discovery.DiscoveryClient - Initial registry fetch from backup servers failed
2025-11-14 00:57:53 [restartedMain] INFO  c.netflix.discovery.DiscoveryClient - Starting heartbeat executor: renew interval is: 30
2025-11-14 00:57:53 [restartedMain] INFO  c.n.discovery.InstanceInfoReplicator - InstanceInfoReplicator onDemand update allowed rate per min is 4
2025-11-14 00:57:53 [restartedMain] INFO  c.netflix.discovery.DiscoveryClient - Discovery Client initialized at timestamp 1763092673693 with initial instances count: 0
2025-11-14 00:57:53 [restartedMain] INFO  o.s.c.n.e.s.EurekaServiceRegistry - Registering application APIREST-SERVICES with eureka with status UP
2025-11-14 00:57:53 [restartedMain] INFO  c.netflix.discovery.DiscoveryClient - Saw local status change event StatusChangeEvent [timestamp=1763092673744, current=UP, previous=STARTING]
2025-11-14 00:57:53 [restartedMain] WARN  c.n.discovery.InstanceInfoReplicator - Ignoring onDemand update due to rate limiter
2025-11-14 00:57:53 [restartedMain] INFO  o.s.b.w.e.tomcat.TomcatWebServer - Tomcat started on port 8083 (http) with context path '/'
2025-11-14 00:57:53 [restartedMain] INFO  o.s.c.n.e.s.EurekaAutoServiceRegistration - Updating port to 8083
2025-11-14 00:57:54 [restartedMain] INFO  o.s.cloud.commons.util.InetUtils - Cannot determine local hostname
2025-11-14 00:57:54 [restartedMain] DEBUG o.s.d.r.l.RedisMessageListenerContainer - Starting RedisMessageListenerContainer...
2025-11-14 00:57:54 [restartedMain] DEBUG o.s.d.r.l.RedisMessageListenerContainer - Postpone listening for Redis messages until actual listeners are added
2025-11-14 00:57:54 [restartedMain] INFO  o.e.c.s.ServiceMicroserviceApplication - Started ServiceMicroserviceApplication in 47.656 seconds (process running for 58.801)
2025-11-14 00:57:54 [restartedMain] INFO  o.e.c.s.ServiceMicroserviceApplication - ========================================
2025-11-14 00:57:54 [restartedMain] INFO  o.e.c.s.ServiceMicroserviceApplication - Service Microservice Started Successfully!
2025-11-14 00:57:54 [restartedMain] INFO  o.e.c.s.ServiceMicroserviceApplication - Swagger UI: http://localhost:8083/swagger-ui.html
2025-11-14 00:57:54 [restartedMain] INFO  o.e.c.s.ServiceMicroserviceApplication - API Docs: http://localhost:8083/api-docs
2025-11-14 00:57:54 [restartedMain] INFO  o.e.c.s.ServiceMicroserviceApplication - ========================================
2025-11-14 00:57:56 [RMI TCP Connection(3)-172.24.176.1] INFO  o.a.c.c.C.[Tomcat].[localhost].[/] - Initializing Spring DispatcherServlet 'dispatcherServlet'
2025-11-14 00:57:56 [RMI TCP Connection(3)-172.24.176.1] INFO  o.s.web.servlet.DispatcherServlet - Initializing Servlet 'dispatcherServlet'
2025-11-14 00:57:56 [RMI TCP Connection(3)-172.24.176.1] DEBUG o.s.web.servlet.DispatcherServlet - Detected StandardServletMultipartResolver
2025-11-14 00:57:56 [RMI TCP Connection(3)-172.24.176.1] DEBUG o.s.web.servlet.DispatcherServlet - Detected AcceptHeaderLocaleResolver
2025-11-14 00:57:56 [RMI TCP Connection(3)-172.24.176.1] DEBUG o.s.web.servlet.DispatcherServlet - Detected FixedThemeResolver
2025-11-14 00:57:56 [RMI TCP Connection(3)-172.24.176.1] DEBUG o.s.web.servlet.DispatcherServlet - Detected org.springframework.web.servlet.view.DefaultRequestToViewNameTranslator@67c2b286
2025-11-14 00:57:56 [RMI TCP Connection(3)-172.24.176.1] DEBUG o.s.web.servlet.DispatcherServlet - Detected org.springframework.web.servlet.support.SessionFlashMapManager@24f51a71
2025-11-14 00:57:56 [RMI TCP Connection(3)-172.24.176.1] DEBUG o.s.web.servlet.DispatcherServlet - enableLoggingRequestDetails='false': request parameters and headers will be masked to prevent unsafe logging of potentially sensitive data
2025-11-14 00:57:56 [RMI TCP Connection(3)-172.24.176.1] INFO  o.s.web.servlet.DispatcherServlet - Completed initialization in 2 ms
2025-11-14 00:58:00 [DiscoveryClient-InstanceInfoReplicator-%d] INFO  c.netflix.discovery.DiscoveryClient - DiscoveryClient_APIREST-SERVICES/apirest-services:8083: registering service...
2025-11-14 00:58:00 [DiscoveryClient-InstanceInfoReplicator-%d] DEBUG o.s.web.client.RestTemplate - HTTP POST http://localhost:8761/eureka/apps/APIREST-SERVICES
2025-11-14 00:58:00 [DiscoveryClient-InstanceInfoReplicator-%d] DEBUG o.s.web.client.RestTemplate - Accept=[application/json, application/yaml, application/*+json]
2025-11-14 00:58:00 [DiscoveryClient-InstanceInfoReplicator-%d] DEBUG o.s.web.client.RestTemplate - Writing [InstanceInfo [instanceId = apirest-services:8083, appName = APIREST-SERVICES, hostName = 127.0.0.1, status = UP, ipAddr = 127.0.0.1, port = 8083, securePort = 443, dataCenterInfo = com.netflix.appinfo.MyDataCenterInfo@3bdf8ec2] as "application/json"
2025-11-14 00:58:00 [DiscoveryClient-InstanceInfoReplicator-%d] INFO  c.n.d.s.t.d.RedirectingEurekaHttpClient - Request execution error. endpoint=DefaultEndpoint{ serviceUrl='http://localhost:8761/eureka/}, exception=I/O error on POST request for "http://localhost:8761/eureka/apps/APIREST-SERVICES": Connect to http://localhost:8761 failed: Connection refused: getsockopt stacktrace=org.springframework.web.client.ResourceAccessException: I/O error on POST request for "http://localhost:8761/eureka/apps/APIREST-SERVICES": Connect to http://localhost:8761 failed: Connection refused: getsockopt
	at org.springframework.web.client.RestTemplate.createResourceAccessException(RestTemplate.java:926)
	at org.springframework.web.client.RestTemplate.doExecute(RestTemplate.java:906)
	at org.springframework.web.client.RestTemplate.execute(RestTemplate.java:841)
	at org.springframework.web.client.RestTemplate.exchange(RestTemplate.java:702)
	at org.springframework.cloud.netflix.eureka.http.RestTemplateEurekaHttpClient.register(RestTemplateEurekaHttpClient.java:87)
	at com.netflix.discovery.shared.transport.decorator.EurekaHttpClientDecorator$1.execute(EurekaHttpClientDecorator.java:59)
	at com.netflix.discovery.shared.transport.decorator.RedirectingEurekaHttpClient.executeOnNewServer(RedirectingEurekaHttpClient.java:121)
	at com.netflix.discovery.shared.transport.decorator.RedirectingEurekaHttpClient.execute(RedirectingEurekaHttpClient.java:80)
	at com.netflix.discovery.shared.transport.decorator.EurekaHttpClientDecorator.register(EurekaHttpClientDecorator.java:56)
	at com.netflix.discovery.shared.transport.decorator.EurekaHttpClientDecorator$1.execute(EurekaHttpClientDecorator.java:59)
	at com.netflix.discovery.shared.transport.decorator.RetryableEurekaHttpClient.execute(RetryableEurekaHttpClient.java:120)
	at com.netflix.discovery.shared.transport.decorator.EurekaHttpClientDecorator.register(EurekaHttpClientDecorator.java:56)
	at com.netflix.discovery.shared.transport.decorator.EurekaHttpClientDecorator$1.execute(EurekaHttpClientDecorator.java:59)
	at com.netflix.discovery.shared.transport.decorator.SessionedEurekaHttpClient.execute(SessionedEurekaHttpClient.java:76)
	at com.netflix.discovery.shared.transport.decorator.EurekaHttpClientDecorator.register(EurekaHttpClientDecorator.java:56)
	at com.netflix.discovery.DiscoveryClient.register(DiscoveryClient.java:828)
	at com.netflix.discovery.InstanceInfoReplicator.run(InstanceInfoReplicator.java:125)
	at com.netflix.discovery.InstanceInfoReplicator$2.run(InstanceInfoReplicator.java:105)
	at java.base/java.util.concurrent.Executors$RunnableAdapter.call(Executors.java:572)
	at java.base/java.util.concurrent.FutureTask.run(FutureTask.java:317)
	at java.base/java.util.concurrent.ScheduledThreadPoolExecutor$ScheduledFutureTask.run(ScheduledThreadPoolExecutor.java:304)
	at java.base/java.util.concurrent.ThreadPoolExecutor.runWorker(ThreadPoolExecutor.java:1144)
	at java.base/java.util.concurrent.ThreadPoolExecutor$Worker.run(ThreadPoolExecutor.java:642)
	at java.base/java.lang.Thread.run(Thread.java:1583)
Caused by: org.apache.hc.client5.http.HttpHostConnectException: Connect to http://localhost:8761 failed: Connection refused: getsockopt
	at java.base/sun.nio.ch.Net.pollConnect(Native Method)
	at java.base/sun.nio.ch.Net.pollConnectNow(Net.java:682)
	at java.base/sun.nio.ch.NioSocketImpl.timedFinishConnect(NioSocketImpl.java:542)
	at java.base/sun.nio.ch.NioSocketImpl.connect(NioSocketImpl.java:592)
	at java.base/java.net.SocksSocketImpl.connect(SocksSocketImpl.java:327)
	at java.base/java.net.Socket.connect(Socket.java:751)
	at org.apache.hc.client5.http.impl.io.DefaultHttpClientConnectionOperator.connect(DefaultHttpClientConnectionOperator.java:205)
	at org.apache.hc.client5.http.impl.io.PoolingHttpClientConnectionManager.connect(PoolingHttpClientConnectionManager.java:490)
	at org.apache.hc.client5.http.impl.classic.InternalExecRuntime.connectEndpoint(InternalExecRuntime.java:164)
	at org.apache.hc.client5.http.impl.classic.InternalExecRuntime.connectEndpoint(InternalExecRuntime.java:174)
	at org.apache.hc.client5.http.impl.classic.ConnectExec.execute(ConnectExec.java:144)
	at org.apache.hc.client5.http.impl.classic.ExecChainElement.execute(ExecChainElement.java:51)
	at org.apache.hc.client5.http.impl.classic.ProtocolExec.execute(ProtocolExec.java:195)
	at org.apache.hc.client5.http.impl.classic.ExecChainElement.execute(ExecChainElement.java:51)
	at org.apache.hc.client5.http.impl.classic.ContentCompressionExec.execute(ContentCompressionExec.java:150)
	at org.apache.hc.client5.http.impl.classic.ExecChainElement.execute(ExecChainElement.java:51)
	at org.apache.hc.client5.http.impl.classic.HttpRequestRetryExec.execute(HttpRequestRetryExec.java:113)
	at org.apache.hc.client5.http.impl.classic.ExecChainElement.execute(ExecChainElement.java:51)
	at org.apache.hc.client5.http.impl.classic.RedirectExec.execute(RedirectExec.java:110)
	at org.apache.hc.client5.http.impl.classic.ExecChainElement.execute(ExecChainElement.java:51)
	at org.apache.hc.client5.http.impl.classic.InternalHttpClient.doExecute(InternalHttpClient.java:185)
	at org.apache.hc.client5.http.impl.classic.CloseableHttpClient.execute(CloseableHttpClient.java:87)
	at org.apache.hc.client5.http.impl.classic.CloseableHttpClient.execute(CloseableHttpClient.java:55)
	at org.apache.hc.client5.http.classic.HttpClient.executeOpen(HttpClient.java:183)
	at org.springframework.http.client.HttpComponentsClientHttpRequest.executeInternal(HttpComponentsClientHttpRequest.java:99)
	at org.springframework.http.client.AbstractStreamingClientHttpRequest.executeInternal(AbstractStreamingClientHttpRequest.java:71)
	at org.springframework.http.client.AbstractClientHttpRequest.execute(AbstractClientHttpRequest.java:81)
	at org.springframework.http.client.InterceptingClientHttpRequest$InterceptingRequestExecution.execute(InterceptingClientHttpRequest.java:117)
	at org.springframework.cloud.netflix.eureka.http.RestTemplateTransportClientFactory.lambda$restTemplate$2(RestTemplateTransportClientFactory.java:145)
	at org.springframework.http.client.InterceptingClientHttpRequest$InterceptingRequestExecution.execute(InterceptingClientHttpRequest.java:88)
	at org.springframework.http.client.InterceptingClientHttpRequest.executeInternal(InterceptingClientHttpRequest.java:72)
	at org.springframework.http.client.AbstractBufferingClientHttpRequest.executeInternal(AbstractBufferingClientHttpRequest.java:48)
	at org.springframework.http.client.AbstractClientHttpRequest.execute(AbstractClientHttpRequest.java:81)
	at org.springframework.web.client.RestTemplate.doExecute(RestTemplate.java:900)
	... 22 more

2025-11-14 00:58:00 [DiscoveryClient-InstanceInfoReplicator-%d] WARN  c.n.d.s.t.d.RetryableEurekaHttpClient - Request execution failed with message: I/O error on POST request for "http://localhost:8761/eureka/apps/APIREST-SERVICES": Connect to http://localhost:8761 failed: Connection refused: getsockopt
2025-11-14 00:58:00 [DiscoveryClient-InstanceInfoReplicator-%d] WARN  c.netflix.discovery.DiscoveryClient - DiscoveryClient_APIREST-SERVICES/apirest-services:8083 - registration failed Cannot execute request on any known server
com.netflix.discovery.shared.transport.TransportException: Cannot execute request on any known server
	at com.netflix.discovery.shared.transport.decorator.RetryableEurekaHttpClient.execute(RetryableEurekaHttpClient.java:112)
	at com.netflix.discovery.shared.transport.decorator.EurekaHttpClientDecorator.register(EurekaHttpClientDecorator.java:56)
	at com.netflix.discovery.shared.transport.decorator.EurekaHttpClientDecorator$1.execute(EurekaHttpClientDecorator.java:59)
	at com.netflix.discovery.shared.transport.decorator.SessionedEurekaHttpClient.execute(SessionedEurekaHttpClient.java:76)
	at com.netflix.discovery.shared.transport.decorator.EurekaHttpClientDecorator.register(EurekaHttpClientDecorator.java:56)
	at com.netflix.discovery.DiscoveryClient.register(DiscoveryClient.java:828)
	at com.netflix.discovery.InstanceInfoReplicator.run(InstanceInfoReplicator.java:125)
	at com.netflix.discovery.InstanceInfoReplicator$2.run(InstanceInfoReplicator.java:105)
	at java.base/java.util.concurrent.Executors$RunnableAdapter.call(Executors.java:572)
	at java.base/java.util.concurrent.FutureTask.run(FutureTask.java:317)
	at java.base/java.util.concurrent.ScheduledThreadPoolExecutor$ScheduledFutureTask.run(ScheduledThreadPoolExecutor.java:304)
	at java.base/java.util.concurrent.ThreadPoolExecutor.runWorker(ThreadPoolExecutor.java:1144)
	at java.base/java.util.concurrent.ThreadPoolExecutor$Worker.run(ThreadPoolExecutor.java:642)
	at java.base/java.lang.Thread.run(Thread.java:1583)
2025-11-14 00:58:01 [DiscoveryClient-InstanceInfoReplicator-%d] WARN  c.n.discovery.InstanceInfoReplicator - There was a problem with the instance info replicator
com.netflix.discovery.shared.transport.TransportException: Cannot execute request on any known server
	at com.netflix.discovery.shared.transport.decorator.RetryableEurekaHttpClient.execute(RetryableEurekaHttpClient.java:112)
	at com.netflix.discovery.shared.transport.decorator.EurekaHttpClientDecorator.register(EurekaHttpClientDecorator.java:56)
	at com.netflix.discovery.shared.transport.decorator.EurekaHttpClientDecorator$1.execute(EurekaHttpClientDecorator.java:59)
	at com.netflix.discovery.shared.transport.decorator.SessionedEurekaHttpClient.execute(SessionedEurekaHttpClient.java:76)
	at com.netflix.discovery.shared.transport.decorator.EurekaHttpClientDecorator.register(EurekaHttpClientDecorator.java:56)
	at com.netflix.discovery.DiscoveryClient.register(DiscoveryClient.java:828)
	at com.netflix.discovery.InstanceInfoReplicator.run(InstanceInfoReplicator.java:125)
	at com.netflix.discovery.InstanceInfoReplicator$2.run(InstanceInfoReplicator.java:105)
	at java.base/java.util.concurrent.Executors$RunnableAdapter.call(Executors.java:572)
	at java.base/java.util.concurrent.FutureTask.run(FutureTask.java:317)
	at java.base/java.util.concurrent.ScheduledThreadPoolExecutor$ScheduledFutureTask.run(ScheduledThreadPoolExecutor.java:304)
	at java.base/java.util.concurrent.ThreadPoolExecutor.runWorker(ThreadPoolExecutor.java:1144)
	at java.base/java.util.concurrent.ThreadPoolExecutor$Worker.run(ThreadPoolExecutor.java:642)
	at java.base/java.lang.Thread.run(Thread.java:1583)
2025-11-14 00:58:01 [DiscoveryClient-InstanceInfoReplicator-%d] INFO  c.netflix.discovery.DiscoveryClient - DiscoveryClient_APIREST-SERVICES/apirest-services:8083: registering service...
2025-11-14 00:58:01 [DiscoveryClient-InstanceInfoReplicator-%d] DEBUG o.s.web.client.RestTemplate - HTTP POST http://localhost:8761/eureka/apps/APIREST-SERVICES
2025-11-14 00:58:01 [DiscoveryClient-InstanceInfoReplicator-%d] DEBUG o.s.web.client.RestTemplate - Accept=[application/json, application/yaml, application/*+json]
2025-11-14 00:58:01 [DiscoveryClient-InstanceInfoReplicator-%d] DEBUG o.s.web.client.RestTemplate - Writing [InstanceInfo [instanceId = apirest-services:8083, appName = APIREST-SERVICES, hostName = 127.0.0.1, status = UP, ipAddr = 127.0.0.1, port = 8083, securePort = 443, dataCenterInfo = com.netflix.appinfo.MyDataCenterInfo@3bdf8ec2] as "application/json"
2025-11-14 00:58:01 [DiscoveryClient-InstanceInfoReplicator-%d] INFO  c.n.d.s.t.d.RedirectingEurekaHttpClient - Request execution error. endpoint=DefaultEndpoint{ serviceUrl='http://localhost:8761/eureka/}, exception=I/O error on POST request for "http://localhost:8761/eureka/apps/APIREST-SERVICES": Connect to http://localhost:8761 failed: Connection refused: getsockopt stacktrace=org.springframework.web.client.ResourceAccessException: I/O error on POST request for "http://localhost:8761/eureka/apps/APIREST-SERVICES": Connect to http://localhost:8761 failed: Connection refused: getsockopt
	at org.springframework.web.client.RestTemplate.createResourceAccessException(RestTemplate.java:926)
	at org.springframework.web.client.RestTemplate.doExecute(RestTemplate.java:906)
	at org.springframework.web.client.RestTemplate.execute(RestTemplate.java:841)
	at org.springframework.web.client.RestTemplate.exchange(RestTemplate.java:702)
	at org.springframework.cloud.netflix.eureka.http.RestTemplateEurekaHttpClient.register(RestTemplateEurekaHttpClient.java:87)
	at com.netflix.discovery.shared.transport.decorator.EurekaHttpClientDecorator$1.execute(EurekaHttpClientDecorator.java:59)
	at com.netflix.discovery.shared.transport.decorator.RedirectingEurekaHttpClient.executeOnNewServer(RedirectingEurekaHttpClient.java:121)
	at com.netflix.discovery.shared.transport.decorator.RedirectingEurekaHttpClient.execute(RedirectingEurekaHttpClient.java:80)
	at com.netflix.discovery.shared.transport.decorator.EurekaHttpClientDecorator.register(EurekaHttpClientDecorator.java:56)
	at com.netflix.discovery.shared.transport.decorator.EurekaHttpClientDecorator$1.execute(EurekaHttpClientDecorator.java:59)
	at com.netflix.discovery.shared.transport.decorator.RetryableEurekaHttpClient.execute(RetryableEurekaHttpClient.java:120)
	at com.netflix.discovery.shared.transport.decorator.EurekaHttpClientDecorator.register(EurekaHttpClientDecorator.java:56)
	at com.netflix.discovery.shared.transport.decorator.EurekaHttpClientDecorator$1.execute(EurekaHttpClientDecorator.java:59)
	at com.netflix.discovery.shared.transport.decorator.SessionedEurekaHttpClient.execute(SessionedEurekaHttpClient.java:76)
	at com.netflix.discovery.shared.transport.decorator.EurekaHttpClientDecorator.register(EurekaHttpClientDecorator.java:56)
	at com.netflix.discovery.DiscoveryClient.register(DiscoveryClient.java:828)
	at com.netflix.discovery.InstanceInfoReplicator.run(InstanceInfoReplicator.java:125)
	at com.netflix.discovery.InstanceInfoReplicator$2.run(InstanceInfoReplicator.java:105)
	at java.base/java.util.concurrent.Executors$RunnableAdapter.call(Executors.java:572)
	at java.base/java.util.concurrent.FutureTask.run(FutureTask.java:317)
	at java.base/java.util.concurrent.ScheduledThreadPoolExecutor$ScheduledFutureTask.run(ScheduledThreadPoolExecutor.java:304)
	at java.base/java.util.concurrent.ThreadPoolExecutor.runWorker(ThreadPoolExecutor.java:1144)
	at java.base/java.util.concurrent.ThreadPoolExecutor$Worker.run(ThreadPoolExecutor.java:642)
	at java.base/java.lang.Thread.run(Thread.java:1583)
Caused by: org.apache.hc.client5.http.HttpHostConnectException: Connect to http://localhost:8761 failed: Connection refused: getsockopt
	at java.base/sun.nio.ch.Net.pollConnect(Native Method)
	at java.base/sun.nio.ch.Net.pollConnectNow(Net.java:682)
	at java.base/sun.nio.ch.NioSocketImpl.timedFinishConnect(NioSocketImpl.java:542)
	at java.base/sun.nio.ch.NioSocketImpl.connect(NioSocketImpl.java:592)
	at java.base/java.net.SocksSocketImpl.connect(SocksSocketImpl.java:327)
	at java.base/java.net.Socket.connect(Socket.java:751)
	at org.apache.hc.client5.http.impl.io.DefaultHttpClientConnectionOperator.connect(DefaultHttpClientConnectionOperator.java:205)
	at org.apache.hc.client5.http.impl.io.PoolingHttpClientConnectionManager.connect(PoolingHttpClientConnectionManager.java:490)
	at org.apache.hc.client5.http.impl.classic.InternalExecRuntime.connectEndpoint(InternalExecRuntime.java:164)
	at org.apache.hc.client5.http.impl.classic.InternalExecRuntime.connectEndpoint(InternalExecRuntime.java:174)
	at org.apache.hc.client5.http.impl.classic.ConnectExec.execute(ConnectExec.java:144)
	at org.apache.hc.client5.http.impl.classic.ExecChainElement.execute(ExecChainElement.java:51)
	at org.apache.hc.client5.http.impl.classic.ProtocolExec.execute(ProtocolExec.java:195)
	at org.apache.hc.client5.http.impl.classic.ExecChainElement.execute(ExecChainElement.java:51)
	at org.apache.hc.client5.http.impl.classic.ContentCompressionExec.execute(ContentCompressionExec.java:150)
	at org.apache.hc.client5.http.impl.classic.ExecChainElement.execute(ExecChainElement.java:51)
	at org.apache.hc.client5.http.impl.classic.HttpRequestRetryExec.execute(HttpRequestRetryExec.java:113)
	at org.apache.hc.client5.http.impl.classic.ExecChainElement.execute(ExecChainElement.java:51)
	at org.apache.hc.client5.http.impl.classic.RedirectExec.execute(RedirectExec.java:110)
	at org.apache.hc.client5.http.impl.classic.ExecChainElement.execute(ExecChainElement.java:51)
	at org.apache.hc.client5.http.impl.classic.InternalHttpClient.doExecute(InternalHttpClient.java:185)
	at org.apache.hc.client5.http.impl.classic.CloseableHttpClient.execute(CloseableHttpClient.java:87)
	at org.apache.hc.client5.http.impl.classic.CloseableHttpClient.execute(CloseableHttpClient.java:55)
	at org.apache.hc.client5.http.classic.HttpClient.executeOpen(HttpClient.java:183)
	at org.springframework.http.client.HttpComponentsClientHttpRequest.executeInternal(HttpComponentsClientHttpRequest.java:99)
	at org.springframework.http.client.AbstractStreamingClientHttpRequest.executeInternal(AbstractStreamingClientHttpRequest.java:71)
	at org.springframework.http.client.AbstractClientHttpRequest.execute(AbstractClientHttpRequest.java:81)
	at org.springframework.http.client.InterceptingClientHttpRequest$InterceptingRequestExecution.execute(InterceptingClientHttpRequest.java:117)
	at org.springframework.cloud.netflix.eureka.http.RestTemplateTransportClientFactory.lambda$restTemplate$2(RestTemplateTransportClientFactory.java:145)
	at org.springframework.http.client.InterceptingClientHttpRequest$InterceptingRequestExecution.execute(InterceptingClientHttpRequest.java:88)
	at org.springframework.http.client.InterceptingClientHttpRequest.executeInternal(InterceptingClientHttpRequest.java:72)
	at org.springframework.http.client.AbstractBufferingClientHttpRequest.executeInternal(AbstractBufferingClientHttpRequest.java:48)
	at org.springframework.http.client.AbstractClientHttpRequest.execute(AbstractClientHttpRequest.java:81)
	at org.springframework.web.client.RestTemplate.doExecute(RestTemplate.java:900)
	... 22 more

2025-11-14 00:58:01 [DiscoveryClient-InstanceInfoReplicator-%d] WARN  c.n.d.s.t.d.RetryableEurekaHttpClient - Request execution failed with message: I/O error on POST request for "http://localhost:8761/eureka/apps/APIREST-SERVICES": Connect to http://localhost:8761 failed: Connection refused: getsockopt
2025-11-14 00:58:01 [DiscoveryClient-InstanceInfoReplicator-%d] WARN  c.netflix.discovery.DiscoveryClient - DiscoveryClient_APIREST-SERVICES/apirest-services:8083 - registration failed Cannot execute request on any known server
com.netflix.discovery.shared.transport.TransportException: Cannot execute request on any known server
	at com.netflix.discovery.shared.transport.decorator.RetryableEurekaHttpClient.execute(RetryableEurekaHttpClient.java:112)
	at com.netflix.discovery.shared.transport.decorator.EurekaHttpClientDecorator.register(EurekaHttpClientDecorator.java:56)
	at com.netflix.discovery.shared.transport.decorator.EurekaHttpClientDecorator$1.execute(EurekaHttpClientDecorator.java:59)
	at com.netflix.discovery.shared.transport.decorator.SessionedEurekaHttpClient.execute(SessionedEurekaHttpClient.java:76)
	at com.netflix.discovery.shared.transport.decorator.EurekaHttpClientDecorator.register(EurekaHttpClientDecorator.java:56)
	at com.netflix.discovery.DiscoveryClient.register(DiscoveryClient.java:828)
	at com.netflix.discovery.InstanceInfoReplicator.run(InstanceInfoReplicator.java:125)
	at com.netflix.discovery.InstanceInfoReplicator$2.run(InstanceInfoReplicator.java:105)
	at java.base/java.util.concurrent.Executors$RunnableAdapter.call(Executors.java:572)
	at java.base/java.util.concurrent.FutureTask.run(FutureTask.java:317)
	at java.base/java.util.concurrent.ScheduledThreadPoolExecutor$ScheduledFutureTask.run(ScheduledThreadPoolExecutor.java:304)
	at java.base/java.util.concurrent.ThreadPoolExecutor.runWorker(ThreadPoolExecutor.java:1144)
	at java.base/java.util.concurrent.ThreadPoolExecutor$Worker.run(ThreadPoolExecutor.java:642)
	at java.base/java.lang.Thread.run(Thread.java:1583)
2025-11-14 00:58:01 [DiscoveryClient-InstanceInfoReplicator-%d] WARN  c.n.discovery.InstanceInfoReplicator - There was a problem with the instance info replicator
com.netflix.discovery.shared.transport.TransportException: Cannot execute request on any known server
	at com.netflix.discovery.shared.transport.decorator.RetryableEurekaHttpClient.execute(RetryableEurekaHttpClient.java:112)
	at com.netflix.discovery.shared.transport.decorator.EurekaHttpClientDecorator.register(EurekaHttpClientDecorator.java:56)
	at com.netflix.discovery.shared.transport.decorator.EurekaHttpClientDecorator$1.execute(EurekaHttpClientDecorator.java:59)
	at com.netflix.discovery.shared.transport.decorator.SessionedEurekaHttpClient.execute(SessionedEurekaHttpClient.java:76)
	at com.netflix.discovery.shared.transport.decorator.EurekaHttpClientDecorator.register(EurekaHttpClientDecorator.java:56)
	at com.netflix.discovery.DiscoveryClient.register(DiscoveryClient.java:828)
	at com.netflix.discovery.InstanceInfoReplicator.run(InstanceInfoReplicator.java:125)
	at com.netflix.discovery.InstanceInfoReplicator$2.run(InstanceInfoReplicator.java:105)
	at java.base/java.util.concurrent.Executors$RunnableAdapter.call(Executors.java:572)
	at java.base/java.util.concurrent.FutureTask.run(FutureTask.java:317)
	at java.base/java.util.concurrent.ScheduledThreadPoolExecutor$ScheduledFutureTask.run(ScheduledThreadPoolExecutor.java:304)
	at java.base/java.util.concurrent.ThreadPoolExecutor.runWorker(ThreadPoolExecutor.java:1144)
	at java.base/java.util.concurrent.ThreadPoolExecutor$Worker.run(ThreadPoolExecutor.java:642)
	at java.base/java.lang.Thread.run(Thread.java:1583)
2025-11-14 00:58:23 [DiscoveryClient-CacheRefreshExecutor-%d] INFO  c.netflix.discovery.DiscoveryClient - Disable delta property : false
2025-11-14 00:58:23 [DiscoveryClient-CacheRefreshExecutor-%d] INFO  c.netflix.discovery.DiscoveryClient - Single vip registry refresh property : null
2025-11-14 00:58:23 [DiscoveryClient-CacheRefreshExecutor-%d] INFO  c.netflix.discovery.DiscoveryClient - Force full registry fetch : false
2025-11-14 00:58:23 [DiscoveryClient-CacheRefreshExecutor-%d] INFO  c.netflix.discovery.DiscoveryClient - Application is null : false
2025-11-14 00:58:23 [DiscoveryClient-CacheRefreshExecutor-%d] INFO  c.netflix.discovery.DiscoveryClient - Registered Applications size is zero : true
2025-11-14 00:58:23 [DiscoveryClient-CacheRefreshExecutor-%d] INFO  c.netflix.discovery.DiscoveryClient - Application version is -1: true
2025-11-14 00:58:23 [DiscoveryClient-CacheRefreshExecutor-%d] INFO  c.netflix.discovery.DiscoveryClient - Getting all instance registry info from the eureka server
2025-11-14 00:58:23 [DiscoveryClient-CacheRefreshExecutor-%d] DEBUG o.s.web.client.RestTemplate - HTTP GET http://localhost:8761/eureka/apps/
2025-11-14 00:58:23 [DiscoveryClient-HeartbeatExecutor-%d] DEBUG o.s.web.client.RestTemplate - HTTP PUT http://localhost:8761/eureka/apps/APIREST-SERVICES/apirest-services:8083?status=UP&lastDirtyTimestamp=1763092673740
2025-11-14 00:58:23 [DiscoveryClient-HeartbeatExecutor-%d] DEBUG o.s.web.client.RestTemplate - Accept=[application/json, application/yaml, application/*+json]
2025-11-14 00:58:23 [DiscoveryClient-CacheRefreshExecutor-%d] DEBUG o.s.web.client.RestTemplate - Accept=[application/json, application/yaml, application/*+json]
2025-11-14 00:58:24 [DiscoveryClient-CacheRefreshExecutor-%d] DEBUG o.s.web.client.RestTemplate - Response 200 OK
2025-11-14 00:58:24 [DiscoveryClient-HeartbeatExecutor-%d] DEBUG o.s.web.client.RestTemplate - Response 404 NOT_FOUND
2025-11-14 00:58:24 [DiscoveryClient-CacheRefreshExecutor-%d] DEBUG o.s.web.client.RestTemplate - Reading to [org.springframework.cloud.netflix.eureka.http.EurekaApplications]
2025-11-14 00:58:24 [DiscoveryClient-HeartbeatExecutor-%d] INFO  c.netflix.discovery.DiscoveryClient - DiscoveryClient_APIREST-SERVICES/apirest-services:8083 - Re-registering apps/APIREST-SERVICES
2025-11-14 00:58:24 [DiscoveryClient-HeartbeatExecutor-%d] INFO  c.netflix.discovery.DiscoveryClient - DiscoveryClient_APIREST-SERVICES/apirest-services:8083: registering service...
2025-11-14 00:58:24 [DiscoveryClient-HeartbeatExecutor-%d] DEBUG o.s.web.client.RestTemplate - HTTP POST http://localhost:8761/eureka/apps/APIREST-SERVICES
2025-11-14 00:58:24 [DiscoveryClient-CacheRefreshExecutor-%d] INFO  c.netflix.discovery.DiscoveryClient - The response status is 200
2025-11-14 00:58:24 [DiscoveryClient-HeartbeatExecutor-%d] DEBUG o.s.web.client.RestTemplate - Accept=[application/json, application/yaml, application/*+json]
2025-11-14 00:58:24 [DiscoveryClient-HeartbeatExecutor-%d] DEBUG o.s.web.client.RestTemplate - Writing [InstanceInfo [instanceId = apirest-services:8083, appName = APIREST-SERVICES, hostName = 127.0.0.1, status = UP, ipAddr = 127.0.0.1, port = 8083, securePort = 443, dataCenterInfo = com.netflix.appinfo.MyDataCenterInfo@3bdf8ec2] as "application/json"
2025-11-14 00:58:24 [DiscoveryClient-HeartbeatExecutor-%d] DEBUG o.s.web.client.RestTemplate - Response 204 NO_CONTENT
2025-11-14 00:58:24 [DiscoveryClient-HeartbeatExecutor-%d] INFO  c.netflix.discovery.DiscoveryClient - DiscoveryClient_APIREST-SERVICES/apirest-services:8083 - registration status: 204
2025-11-14 00:58:54 [DiscoveryClient-CacheRefreshExecutor-%d] INFO  c.netflix.discovery.DiscoveryClient - Disable delta property : false
2025-11-14 00:58:54 [DiscoveryClient-CacheRefreshExecutor-%d] INFO  c.netflix.discovery.DiscoveryClient - Single vip registry refresh property : null
2025-11-14 00:58:54 [DiscoveryClient-CacheRefreshExecutor-%d] INFO  c.netflix.discovery.DiscoveryClient - Force full registry fetch : false
2025-11-14 00:58:54 [DiscoveryClient-CacheRefreshExecutor-%d] INFO  c.netflix.discovery.DiscoveryClient - Application is null : false
2025-11-14 00:58:54 [DiscoveryClient-CacheRefreshExecutor-%d] INFO  c.netflix.discovery.DiscoveryClient - Registered Applications size is zero : true
2025-11-14 00:58:54 [DiscoveryClient-CacheRefreshExecutor-%d] INFO  c.netflix.discovery.DiscoveryClient - Application version is -1: false
2025-11-14 00:58:54 [DiscoveryClient-CacheRefreshExecutor-%d] INFO  c.netflix.discovery.DiscoveryClient - Getting all instance registry info from the eureka server
2025-11-14 00:58:54 [DiscoveryClient-CacheRefreshExecutor-%d] DEBUG o.s.web.client.RestTemplate - HTTP GET http://localhost:8761/eureka/apps/
2025-11-14 00:58:54 [DiscoveryClient-CacheRefreshExecutor-%d] DEBUG o.s.web.client.RestTemplate - Accept=[application/json, application/yaml, application/*+json]
2025-11-14 00:58:54 [DiscoveryClient-CacheRefreshExecutor-%d] DEBUG o.s.web.client.RestTemplate - Response 200 OK
2025-11-14 00:58:54 [DiscoveryClient-CacheRefreshExecutor-%d] DEBUG o.s.web.client.RestTemplate - Reading to [org.springframework.cloud.netflix.eureka.http.EurekaApplications]
2025-11-14 00:58:54 [DiscoveryClient-CacheRefreshExecutor-%d] INFO  c.netflix.discovery.DiscoveryClient - The response status is 200
2025-11-14 00:58:54 [DiscoveryClient-HeartbeatExecutor-%d] DEBUG o.s.web.client.RestTemplate - HTTP PUT http://localhost:8761/eureka/apps/APIREST-SERVICES/apirest-services:8083?status=UP&lastDirtyTimestamp=1763092704314
2025-11-14 00:58:54 [DiscoveryClient-HeartbeatExecutor-%d] DEBUG o.s.web.client.RestTemplate - Accept=[application/json, application/yaml, application/*+json]
2025-11-14 00:58:54 [DiscoveryClient-HeartbeatExecutor-%d] DEBUG o.s.web.client.RestTemplate - Response 200 OK
2025-11-14 00:59:24 [DiscoveryClient-CacheRefreshExecutor-%d] DEBUG o.s.web.client.RestTemplate - HTTP GET http://localhost:8761/eureka/apps/delta
2025-11-14 00:59:24 [DiscoveryClient-CacheRefreshExecutor-%d] DEBUG o.s.web.client.RestTemplate - Accept=[application/json, application/yaml, application/*+json]
2025-11-14 00:59:24 [DiscoveryClient-CacheRefreshExecutor-%d] DEBUG o.s.web.client.RestTemplate - Response 200 OK
2025-11-14 00:59:24 [DiscoveryClient-CacheRefreshExecutor-%d] DEBUG o.s.web.client.RestTemplate - Reading to [org.springframework.cloud.netflix.eureka.http.EurekaApplications]
2025-11-14 00:59:24 [DiscoveryClient-HeartbeatExecutor-%d] DEBUG o.s.web.client.RestTemplate - HTTP PUT http://localhost:8761/eureka/apps/APIREST-SERVICES/apirest-services:8083?status=UP&lastDirtyTimestamp=1763092704314
2025-11-14 00:59:24 [DiscoveryClient-HeartbeatExecutor-%d] DEBUG o.s.web.client.RestTemplate - Accept=[application/json, application/yaml, application/*+json]
2025-11-14 00:59:24 [DiscoveryClient-HeartbeatExecutor-%d] DEBUG o.s.web.client.RestTemplate - Response 200 OK
2025-11-14 00:59:34 [SpringApplicationShutdownHook] INFO  o.s.c.n.e.s.EurekaServiceRegistry - Unregistering application APIREST-SERVICES with eureka with status DOWN
2025-11-14 00:59:34 [SpringApplicationShutdownHook] INFO  c.netflix.discovery.DiscoveryClient - Saw local status change event StatusChangeEvent [timestamp=1763092774121, current=DOWN, previous=UP]
2025-11-14 00:59:34 [SpringApplicationShutdownHook] DEBUG o.s.d.r.l.RedisMessageListenerContainer - Stopped RedisMessageListenerContainer
2025-11-14 00:59:34 [SpringApplicationShutdownHook] INFO  o.s.b.w.e.tomcat.GracefulShutdown - Commencing graceful shutdown. Waiting for active requests to complete
2025-11-14 00:59:34 [tomcat-shutdown] INFO  o.s.b.w.e.tomcat.GracefulShutdown - Graceful shutdown complete
2025-11-14 00:59:34 [DiscoveryClient-InstanceInfoReplicator-%d] INFO  c.netflix.discovery.DiscoveryClient - Saw local status change event StatusChangeEvent [timestamp=1763092774214, current=UP, previous=DOWN]
2025-11-14 00:59:34 [DiscoveryClient-InstanceInfoReplicator-%d] INFO  c.netflix.discovery.DiscoveryClient - DiscoveryClient_APIREST-SERVICES/apirest-services:8083: registering service...
2025-11-14 00:59:34 [DiscoveryClient-InstanceInfoReplicator-%d] DEBUG o.s.web.client.RestTemplate - HTTP POST http://localhost:8761/eureka/apps/APIREST-SERVICES
2025-11-14 00:59:34 [DiscoveryClient-InstanceInfoReplicator-%d] DEBUG o.s.web.client.RestTemplate - Accept=[application/json, application/yaml, application/*+json]
2025-11-14 00:59:34 [DiscoveryClient-InstanceInfoReplicator-%d] DEBUG o.s.web.client.RestTemplate - Writing [InstanceInfo [instanceId = apirest-services:8083, appName = APIREST-SERVICES, hostName = 127.0.0.1, status = UP, ipAddr = 127.0.0.1, port = 8083, securePort = 443, dataCenterInfo = com.netflix.appinfo.MyDataCenterInfo@3bdf8ec2] as "application/json"
2025-11-14 00:59:34 [DiscoveryClient-InstanceInfoReplicator-%d] DEBUG o.s.web.client.RestTemplate - Response 204 NO_CONTENT
2025-11-14 00:59:34 [DiscoveryClient-InstanceInfoReplicator-%d] INFO  c.netflix.discovery.DiscoveryClient - DiscoveryClient_APIREST-SERVICES/apirest-services:8083 - registration status: 204
2025-11-14 00:59:34 [SpringApplicationShutdownHook] INFO  o.s.o.j.LocalContainerEntityManagerFactoryBean - Closing JPA EntityManagerFactory for persistence unit 'default'
2025-11-14 00:59:34 [SpringApplicationShutdownHook] INFO  com.zaxxer.hikari.HikariDataSource - HikariPool-1 - Shutdown initiated...
2025-11-14 00:59:35 [SpringApplicationShutdownHook] INFO  com.zaxxer.hikari.HikariDataSource - HikariPool-1 - Shutdown completed.
2025-11-14 00:59:35 [SpringApplicationShutdownHook] INFO  c.netflix.discovery.DiscoveryClient - Shutting down DiscoveryClient ...
2025-11-14 00:59:38 [SpringApplicationShutdownHook] INFO  c.netflix.discovery.DiscoveryClient - Unregistering ...
2025-11-14 00:59:38 [SpringApplicationShutdownHook] DEBUG o.s.web.client.RestTemplate - HTTP DELETE http://localhost:8761/eureka/apps/APIREST-SERVICES/apirest-services:8083
2025-11-14 00:59:38 [SpringApplicationShutdownHook] DEBUG o.s.web.client.RestTemplate - Accept=[application/json, application/yaml, application/*+json]
2025-11-14 00:59:38 [SpringApplicationShutdownHook] DEBUG o.s.web.client.RestTemplate - Response 200 OK
2025-11-14 00:59:38 [SpringApplicationShutdownHook] INFO  c.netflix.discovery.DiscoveryClient - DiscoveryClient_APIREST-SERVICES/apirest-services:8083 - deregister  status: 200
2025-11-14 00:59:38 [SpringApplicationShutdownHook] INFO  c.netflix.discovery.DiscoveryClient - Completed shut down of DiscoveryClient
2025-11-14 01:00:05 [restartedMain] INFO  o.e.c.s.ServiceMicroserviceApplication - Starting ServiceMicroserviceApplication using Java 21.0.8 with PID 8752 (C:\Users\usuario\IdeaProjects\service-microservice\target\classes started by usuario in C:\Users\usuario\IdeaProjects\service-microservice)
2025-11-14 01:00:05 [restartedMain] DEBUG o.e.c.s.ServiceMicroserviceApplication - Running with Spring Boot v3.5.5, Spring v6.2.10
2025-11-14 01:00:05 [restartedMain] INFO  o.e.c.s.ServiceMicroserviceApplication - No active profile set, falling back to 1 default profile: "default"
2025-11-14 01:00:06 [restartedMain] INFO  o.s.c.c.c.ConfigServerConfigDataLoader - Fetching config from server at : http://localhost:8888
2025-11-14 01:00:06 [restartedMain] INFO  o.s.c.c.c.ConfigServerConfigDataLoader - Exception on Url - http://localhost:8888:org.springframework.web.client.ResourceAccessException: I/O error on GET request for "http://localhost:8888/apirest-services/default": Connection refused: getsockopt. Will be trying the next url if available
2025-11-14 01:00:06 [restartedMain] WARN  o.s.c.c.c.ConfigServerConfigDataLoader - Could not locate PropertySource ([ConfigServerConfigDataResource@26e75058 uris = array<String>['http://localhost:8888'], optional = true, profiles = 'default']): I/O error on GET request for "http://localhost:8888/apirest-services/default": Connection refused: getsockopt
2025-11-14 01:00:06 [restartedMain] INFO  o.s.c.c.c.ConfigServerConfigDataLoader - Fetching config from server at : http://localhost:8888
2025-11-14 01:00:06 [restartedMain] INFO  o.s.c.c.c.ConfigServerConfigDataLoader - Exception on Url - http://localhost:8888:org.springframework.web.client.ResourceAccessException: I/O error on GET request for "http://localhost:8888/apirest-services/default": Connection refused: getsockopt. Will be trying the next url if available
2025-11-14 01:00:06 [restartedMain] WARN  o.s.c.c.c.ConfigServerConfigDataLoader - Could not locate PropertySource ([ConfigServerConfigDataResource@24c7d4fd uris = array<String>['http://localhost:8888'], optional = true, profiles = 'default']): I/O error on GET request for "http://localhost:8888/apirest-services/default": Connection refused: getsockopt
2025-11-14 01:00:06 [restartedMain] INFO  o.s.c.c.c.ConfigServerConfigDataLoader - Fetching config from server at : http://localhost:8888
2025-11-14 01:00:06 [restartedMain] INFO  o.s.c.c.c.ConfigServerConfigDataLoader - Exception on Url - http://localhost:8888:org.springframework.web.client.ResourceAccessException: I/O error on GET request for "http://localhost:8888/apirest-services/default": Connection refused: getsockopt. Will be trying the next url if available
2025-11-14 01:00:06 [restartedMain] WARN  o.s.c.c.c.ConfigServerConfigDataLoader - Could not locate PropertySource ([ConfigServerConfigDataResource@311611ba uris = array<String>['http://localhost:8888'], optional = true, profiles = 'default']): I/O error on GET request for "http://localhost:8888/apirest-services/default": Connection refused: getsockopt
2025-11-14 01:00:06 [restartedMain] INFO  o.s.b.d.e.DevToolsPropertyDefaultsPostProcessor - Devtools property defaults active! Set 'spring.devtools.add-properties' to 'false' to disable
2025-11-14 01:00:06 [restartedMain] INFO  o.s.b.d.e.DevToolsPropertyDefaultsPostProcessor - For additional web related logging consider setting the 'logging.level.web' property to 'DEBUG'
2025-11-14 01:00:07 [restartedMain] INFO  o.s.d.r.c.RepositoryConfigurationDelegate - Multiple Spring Data modules found, entering strict repository configuration mode
2025-11-14 01:00:07 [restartedMain] INFO  o.s.d.r.c.RepositoryConfigurationDelegate - Bootstrapping Spring Data JPA repositories in DEFAULT mode.
2025-11-14 01:00:07 [restartedMain] DEBUG o.s.d.r.c.RepositoryConfigurationDelegate - Scanning for JPA repositories in packages org.example.cuidadodemascotas.servicemicroservice.apis.repository.
2025-11-14 01:00:07 [restartedMain] DEBUG o.s.d.r.c.RepositoryComponentProvider - Identified candidate component class: file [C:\Users\usuario\IdeaProjects\service-microservice\target\classes\org\example\cuidadodemascotas\servicemicroservice\apis\repository\IServiceRepository.class]
2025-11-14 01:00:07 [restartedMain] DEBUG o.s.d.r.c.RepositoryComponentProvider - Identified candidate component class: file [C:\Users\usuario\IdeaProjects\service-microservice\target\classes\org\example\cuidadodemascotas\servicemicroservice\apis\repository\IServiceTypeRepository.class]
2025-11-14 01:00:07 [restartedMain] DEBUG o.s.d.r.c.RepositoryComponentProvider - Identified candidate component class: file [C:\Users\usuario\IdeaProjects\service-microservice\target\classes\org\example\cuidadodemascotas\servicemicroservice\apis\repository\IUserRepository.class]
2025-11-14 01:00:08 [restartedMain] INFO  o.s.d.r.c.RepositoryConfigurationDelegate - Finished Spring Data repository scanning in 194 ms. Found 3 JPA repository interfaces.
2025-11-14 01:00:08 [restartedMain] INFO  o.s.d.r.c.RepositoryConfigurationDelegate - Multiple Spring Data modules found, entering strict repository configuration mode
2025-11-14 01:00:08 [restartedMain] INFO  o.s.d.r.c.RepositoryConfigurationDelegate - Bootstrapping Spring Data Redis repositories in DEFAULT mode.
2025-11-14 01:00:08 [restartedMain] DEBUG o.s.d.r.c.RepositoryConfigurationDelegate - Scanning for Redis repositories in packages org.example.cuidadodemascotas.servicemicroservice.
2025-11-14 01:00:08 [restartedMain] DEBUG o.s.d.r.c.RepositoryComponentProvider - Identified candidate component class: file [C:\Users\usuario\IdeaProjects\service-microservice\target\classes\org\example\cuidadodemascotas\servicemicroservice\apis\repository\IServiceRepository.class]
2025-11-14 01:00:08 [restartedMain] DEBUG o.s.d.r.c.RepositoryComponentProvider - Identified candidate component class: file [C:\Users\usuario\IdeaProjects\service-microservice\target\classes\org\example\cuidadodemascotas\servicemicroservice\apis\repository\IServiceTypeRepository.class]
2025-11-14 01:00:08 [restartedMain] DEBUG o.s.d.r.c.RepositoryComponentProvider - Identified candidate component class: file [C:\Users\usuario\IdeaProjects\service-microservice\target\classes\org\example\cuidadodemascotas\servicemicroservice\apis\repository\IUserRepository.class]
2025-11-14 01:00:08 [restartedMain] INFO  o.s.d.r.c.RepositoryConfigurationExtensionSupport - Spring Data Redis - Could not safely identify store assignment for repository candidate interface org.example.cuidadodemascotas.servicemicroservice.apis.repository.IServiceRepository; If you want this repository to be a Redis repository, consider annotating your entities with one of these annotations: org.springframework.data.redis.core.RedisHash (preferred), or consider extending one of the following types with your repository: org.springframework.data.keyvalue.repository.KeyValueRepository
2025-11-14 01:00:08 [restartedMain] INFO  o.s.d.r.c.RepositoryConfigurationExtensionSupport - Spring Data Redis - Could not safely identify store assignment for repository candidate interface org.example.cuidadodemascotas.servicemicroservice.apis.repository.IServiceTypeRepository; If you want this repository to be a Redis repository, consider annotating your entities with one of these annotations: org.springframework.data.redis.core.RedisHash (preferred), or consider extending one of the following types with your repository: org.springframework.data.keyvalue.repository.KeyValueRepository
2025-11-14 01:00:08 [restartedMain] INFO  o.s.d.r.c.RepositoryConfigurationExtensionSupport - Spring Data Redis - Could not safely identify store assignment for repository candidate interface org.example.cuidadodemascotas.servicemicroservice.apis.repository.IUserRepository; If you want this repository to be a Redis repository, consider annotating your entities with one of these annotations: org.springframework.data.redis.core.RedisHash (preferred), or consider extending one of the following types with your repository: org.springframework.data.keyvalue.repository.KeyValueRepository
2025-11-14 01:00:08 [restartedMain] INFO  o.s.d.r.c.RepositoryConfigurationDelegate - Finished Spring Data repository scanning in 20 ms. Found 0 Redis repository interfaces.
2025-11-14 01:00:09 [restartedMain] INFO  o.s.cloud.context.scope.GenericScope - BeanFactory id=569dcd19-0d0a-3c2a-b654-a9dbae1dc113
2025-11-14 01:00:10 [restartedMain] INFO  o.s.b.w.e.tomcat.TomcatWebServer - Tomcat initialized with port 8083 (http)
2025-11-14 01:00:10 [restartedMain] INFO  o.a.catalina.core.StandardService - Starting service [Tomcat]
2025-11-14 01:00:10 [restartedMain] INFO  o.a.catalina.core.StandardEngine - Starting Servlet engine: [Apache Tomcat/10.1.44]
2025-11-14 01:00:10 [restartedMain] INFO  o.a.c.c.C.[Tomcat].[localhost].[/] - Initializing Spring embedded WebApplicationContext
2025-11-14 01:00:10 [restartedMain] INFO  o.s.b.w.s.c.ServletWebServerApplicationContext - Root WebApplicationContext: initialization completed in 4514 ms
2025-11-14 01:00:10 [restartedMain] DEBUG o.e.c.s.s.JwtAuthenticationFilter - Filter 'jwtAuthenticationFilter' configured for use
2025-11-14 01:00:10 [restartedMain] DEBUG o.s.w.f.ServerHttpObservationFilter - Filter 'webMvcObservationFilter' configured for use
2025-11-14 01:00:11 [restartedMain] INFO  o.h.jpa.internal.util.LogHelper - HHH000204: Processing PersistenceUnitInfo [name: default]
2025-11-14 01:00:11 [restartedMain] INFO  org.hibernate.Version - HHH000412: Hibernate ORM core version 6.6.26.Final
2025-11-14 01:00:11 [restartedMain] INFO  o.h.c.i.RegionFactoryInitiator - HHH000026: Second-level cache disabled
2025-11-14 01:00:12 [restartedMain] INFO  o.s.o.j.p.SpringPersistenceUnitInfo - No LoadTimeWeaver setup: ignoring JPA class transformer
2025-11-14 01:00:12 [restartedMain] INFO  com.zaxxer.hikari.HikariDataSource - HikariPool-1 - Starting...
2025-11-14 01:00:13 [restartedMain] INFO  com.zaxxer.hikari.pool.HikariPool - HikariPool-1 - Added connection org.postgresql.jdbc.PgConnection@6073032b
2025-11-14 01:00:13 [restartedMain] INFO  com.zaxxer.hikari.HikariDataSource - HikariPool-1 - Start completed.
2025-11-14 01:00:13 [restartedMain] WARN  org.hibernate.orm.deprecation - HHH90000025: PostgreSQLDialect does not need to be specified explicitly using 'hibernate.dialect' (remove the property setting and it will be selected by default)
2025-11-14 01:00:13 [restartedMain] INFO  o.hibernate.orm.connections.pooling - HHH10001005: Database info:
	Database JDBC URL [Connecting through datasource 'HikariDataSource (HikariPool-1)']
	Database driver: undefined/unknown
	Database version: 17.4
	Autocommit mode: undefined/unknown
	Isolation level: undefined/unknown
	Minimum pool size: undefined/unknown
	Maximum pool size: undefined/unknown
2025-11-14 01:00:15 [restartedMain] INFO  o.h.e.t.j.p.i.JtaPlatformInitiator - HHH000489: No JTA platform available (set 'hibernate.transaction.jta.platform' to enable JTA platform integration)
2025-11-14 01:00:15 [restartedMain] INFO  o.s.o.j.LocalContainerEntityManagerFactoryBean - Initialized JPA EntityManagerFactory for persistence unit 'default'
2025-11-14 01:00:15 [restartedMain] DEBUG o.s.d.j.r.c.JpaMetamodelMappingContextFactoryBean - Initializing JpaMetamodelMappingContext…
2025-11-14 01:00:15 [restartedMain] DEBUG o.s.d.j.r.c.JpaMetamodelMappingContextFactoryBean - Finished initializing JpaMetamodelMappingContext
2025-11-14 01:00:15 [restartedMain] DEBUG o.s.d.r.c.s.RepositoryFactorySupport - Initializing repository instance for org.example.cuidadodemascotas.servicemicroservice.apis.repository.IServiceRepository…
2025-11-14 01:00:15 [restartedMain] DEBUG o.s.d.j.repository.query.NamedQuery - Did not find named query Service.searchByDescription.count
2025-11-14 01:00:15 [restartedMain] INFO  o.s.d.j.r.query.QueryEnhancerFactory - Hibernate is in classpath; If applicable, HQL parser will be used.
2025-11-14 01:00:16 [restartedMain] DEBUG o.s.d.j.repository.query.NamedQuery - Did not find named query Service.findByPriceRangePaged.count
2025-11-14 01:00:16 [restartedMain] DEBUG o.s.d.j.repository.query.NamedQuery - Did not find named query Service.findByServiceTypeIdPaged.count
2025-11-14 01:00:16 [restartedMain] DEBUG o.s.d.j.repository.query.NamedQuery - Did not find named query Service.findByCarerIdPaged.count
2025-11-14 01:00:16 [restartedMain] DEBUG o.s.d.j.repository.query.NamedQuery - Did not find named query Service.findAllServices.count
2025-11-14 01:00:16 [restartedMain] DEBUG o.s.d.j.repository.query.NamedQuery - Did not find named query Service.countByCarerId.count
2025-11-14 01:00:16 [restartedMain] DEBUG o.s.d.j.repository.query.NamedQuery - Did not find named query Service.countByActiveTrue.count
2025-11-14 01:00:16 [restartedMain] DEBUG o.s.d.j.repository.query.NamedQuery - Did not find named query Service.findByCarerIdAndServiceTypeIdPaged.count
2025-11-14 01:00:16 [restartedMain] DEBUG o.s.d.j.repository.query.NamedQuery - Looking up named query 'Service.findByIdAndActiveTrue'
2025-11-14 01:00:16 [restartedMain] DEBUG o.s.d.j.repository.query.NamedQuery - Did not find named query Service.findByIdAndActiveTrue
2025-11-14 01:00:16 [restartedMain] DEBUG o.s.d.j.repository.query.NamedQuery - Looking up named query 'Service.findByActiveTrue'
2025-11-14 01:00:16 [restartedMain] DEBUG o.s.d.j.repository.query.NamedQuery - Did not find named query Service.findByActiveTrue
2025-11-14 01:00:16 [restartedMain] DEBUG o.s.d.j.repository.query.NamedQuery - Looking up named query 'Service.findByActiveTrue'
2025-11-14 01:00:16 [restartedMain] DEBUG o.s.d.j.repository.query.NamedQuery - Did not find named query Service.findByActiveTrue
2025-11-14 01:00:16 [restartedMain] DEBUG o.s.d.r.c.s.RepositoryFactorySupport - Finished creation of repository instance for org.example.cuidadodemascotas.servicemicroservice.apis.repository.IServiceRepository.
2025-11-14 01:00:16 [restartedMain] DEBUG o.s.d.r.c.s.RepositoryFactorySupport - Initializing repository instance for org.example.cuidadodemascotas.servicemicroservice.apis.repository.IServiceTypeRepository…
2025-11-14 01:00:16 [restartedMain] DEBUG o.s.d.j.repository.query.NamedQuery - Looking up named query 'ServiceType.findByNameIgnoreCase'
2025-11-14 01:00:16 [restartedMain] DEBUG o.s.d.j.repository.query.NamedQuery - Did not find named query ServiceType.findByNameIgnoreCase
2025-11-14 01:00:16 [restartedMain] DEBUG o.s.d.j.repository.query.NamedQuery - Looking up named query 'ServiceType.existsByNameAndIdNot'
2025-11-14 01:00:16 [restartedMain] DEBUG o.s.d.j.repository.query.NamedQuery - Did not find named query ServiceType.existsByNameAndIdNot
2025-11-14 01:00:16 [restartedMain] DEBUG o.s.d.j.repository.query.NamedQuery - Looking up named query 'ServiceType.findAllByOrderByNameAsc'
2025-11-14 01:00:16 [restartedMain] DEBUG o.s.d.j.repository.query.NamedQuery - Did not find named query ServiceType.findAllByOrderByNameAsc
2025-11-14 01:00:16 [restartedMain] DEBUG o.s.d.j.repository.query.NamedQuery - Looking up named query 'ServiceType.findAllByOrderByNameAsc'
2025-11-14 01:00:16 [restartedMain] DEBUG o.s.d.j.repository.query.NamedQuery - Did not find named query ServiceType.findAllByOrderByNameAsc
2025-11-14 01:00:16 [restartedMain] DEBUG o.s.d.j.repository.query.NamedQuery - Looking up named query 'ServiceType.existsByName'
2025-11-14 01:00:16 [restartedMain] DEBUG o.s.d.j.repository.query.NamedQuery - Did not find named query ServiceType.existsByName
2025-11-14 01:00:16 [restartedMain] DEBUG o.s.d.j.repository.query.NamedQuery - Did not find named query ServiceType.searchByName.count
2025-11-14 01:00:16 [restartedMain] DEBUG o.s.d.r.c.s.RepositoryFactorySupport - Finished creation of repository instance for org.example.cuidadodemascotas.servicemicroservice.apis.repository.IServiceTypeRepository.
2025-11-14 01:00:16 [restartedMain] DEBUG o.s.d.r.c.s.RepositoryFactorySupport - Initializing repository instance for org.example.cuidadodemascotas.servicemicroservice.apis.repository.IUserRepository…
2025-11-14 01:00:16 [restartedMain] DEBUG o.s.d.j.repository.query.NamedQuery - Looking up named query 'User.findByIdAndActiveTrue'
2025-11-14 01:00:16 [restartedMain] DEBUG o.s.d.j.repository.query.NamedQuery - Did not find named query User.findByIdAndActiveTrue
2025-11-14 01:00:16 [restartedMain] DEBUG o.s.d.j.repository.query.NamedQuery - Looking up named query 'User.findByActiveTrue'
2025-11-14 01:00:16 [restartedMain] DEBUG o.s.d.j.repository.query.NamedQuery - Did not find named query User.findByActiveTrue
2025-11-14 01:00:16 [restartedMain] DEBUG o.s.d.j.repository.query.NamedQuery - Looking up named query 'User.findByActiveTrue'
2025-11-14 01:00:16 [restartedMain] DEBUG o.s.d.j.repository.query.NamedQuery - Did not find named query User.findByActiveTrue
2025-11-14 01:00:16 [restartedMain] DEBUG o.s.d.r.c.s.RepositoryFactorySupport - Finished creation of repository instance for org.example.cuidadodemascotas.servicemicroservice.apis.repository.IUserRepository.
2025-11-14 01:00:17 [restartedMain] DEBUG o.s.w.s.m.m.a.RequestMappingHandlerMapping - 17 mappings in 'requestMappingHandlerMapping'
2025-11-14 01:00:17 [restartedMain] DEBUG o.s.w.s.h.SimpleUrlHandlerMapping - Patterns [/webjars/**, /**, /swagger-ui*/*swagger-initializer.js, /swagger-ui*/**] in 'resourceHandlerMapping'
2025-11-14 01:00:19 [restartedMain] INFO  o.s.cloud.commons.util.InetUtils - Cannot determine local hostname
2025-11-14 01:00:19 [restartedMain] INFO  o.s.b.a.e.web.EndpointLinksResolver - Exposing 2 endpoints beneath base path '/actuator'
2025-11-14 01:00:19 [restartedMain] WARN  o.s.b.a.s.s.UserDetailsServiceAutoConfiguration - 

Using generated security password: d40fe08d-04b5-4db8-b3a4-06469dd10368

This generated password is for development use only. Your security configuration must be updated before running your application in production.

2025-11-14 01:00:19 [restartedMain] INFO  o.s.s.c.a.a.c.InitializeUserDetailsBeanManagerConfigurer$InitializeUserDetailsManagerConfigurer - Global AuthenticationManager configured with UserDetailsService bean with name inMemoryUserDetailsManager
2025-11-14 01:00:19 [restartedMain] DEBUG o.s.w.s.m.m.a.RequestMappingHandlerAdapter - ControllerAdvice beans: 0 @ModelAttribute, 0 @InitBinder, 1 RequestBodyAdvice, 1 ResponseBodyAdvice
2025-11-14 01:00:19 [restartedMain] DEBUG o.s.w.s.m.m.a.ExceptionHandlerExceptionResolver - ControllerAdvice beans: 2 @ExceptionHandler, 1 ResponseBodyAdvice
2025-11-14 01:00:19 [restartedMain] DEBUG o.s.data.convert.CustomConversions - Adding converter from class java.lang.String to class [B as writing converter
2025-11-14 01:00:19 [restartedMain] DEBUG o.s.data.convert.CustomConversions - Adding converter from class [B to class java.lang.String as reading converter
2025-11-14 01:00:19 [restartedMain] DEBUG o.s.data.convert.CustomConversions - Adding converter from class java.lang.Number to class [B as writing converter
2025-11-14 01:00:19 [restartedMain] DEBUG o.s.data.convert.CustomConversions - Adding converter from class [B to class java.lang.Number as reading converter
2025-11-14 01:00:19 [restartedMain] DEBUG o.s.data.convert.CustomConversions - Adding converter from class java.lang.Enum to class [B as writing converter
2025-11-14 01:00:19 [restartedMain] DEBUG o.s.data.convert.CustomConversions - Adding converter from class [B to class java.lang.Enum as reading converter
2025-11-14 01:00:19 [restartedMain] DEBUG o.s.data.convert.CustomConversions - Adding converter from class java.lang.Boolean to class [B as writing converter
2025-11-14 01:00:19 [restartedMain] DEBUG o.s.data.convert.CustomConversions - Adding converter from class [B to class java.lang.Boolean as reading converter
2025-11-14 01:00:19 [restartedMain] DEBUG o.s.data.convert.CustomConversions - Adding converter from class java.util.Date to class [B as writing converter
2025-11-14 01:00:19 [restartedMain] DEBUG o.s.data.convert.CustomConversions - Adding converter from class [B to class java.util.Date as reading converter
2025-11-14 01:00:19 [restartedMain] DEBUG o.s.data.convert.CustomConversions - Adding converter from class java.util.UUID to class [B as writing converter
2025-11-14 01:00:19 [restartedMain] DEBUG o.s.data.convert.CustomConversions - Adding converter from class [B to class java.util.UUID as reading converter
2025-11-14 01:00:19 [restartedMain] DEBUG o.s.data.convert.CustomConversions - Adding converter from class java.time.LocalDateTime to class [B as reading converter
2025-11-14 01:00:19 [restartedMain] DEBUG o.s.data.convert.CustomConversions - Adding converter from class [B to class java.time.LocalDateTime as reading converter
2025-11-14 01:00:19 [restartedMain] DEBUG o.s.data.convert.CustomConversions - Adding converter from class java.time.LocalDate to class [B as reading converter
2025-11-14 01:00:19 [restartedMain] DEBUG o.s.data.convert.CustomConversions - Adding converter from class [B to class java.time.LocalDate as reading converter
2025-11-14 01:00:19 [restartedMain] DEBUG o.s.data.convert.CustomConversions - Adding converter from class java.time.LocalTime to class [B as reading converter
2025-11-14 01:00:19 [restartedMain] DEBUG o.s.data.convert.CustomConversions - Adding converter from class [B to class java.time.LocalTime as reading converter
2025-11-14 01:00:19 [restartedMain] DEBUG o.s.data.convert.CustomConversions - Adding converter from class java.time.ZonedDateTime to class [B as reading converter
2025-11-14 01:00:19 [restartedMain] DEBUG o.s.data.convert.CustomConversions - Adding converter from class [B to class java.time.ZonedDateTime as reading converter
2025-11-14 01:00:19 [restartedMain] DEBUG o.s.data.convert.CustomConversions - Adding converter from class java.time.Instant to class [B as reading converter
2025-11-14 01:00:19 [restartedMain] DEBUG o.s.data.convert.CustomConversions - Adding converter from class [B to class java.time.Instant as reading converter
2025-11-14 01:00:19 [restartedMain] DEBUG o.s.data.convert.CustomConversions - Adding converter from class java.time.ZoneId to class [B as reading converter
2025-11-14 01:00:19 [restartedMain] DEBUG o.s.data.convert.CustomConversions - Adding converter from class [B to class java.time.ZoneId as reading converter
2025-11-14 01:00:19 [restartedMain] DEBUG o.s.data.convert.CustomConversions - Adding converter from class java.time.Period to class [B as reading converter
2025-11-14 01:00:19 [restartedMain] DEBUG o.s.data.convert.CustomConversions - Adding converter from class [B to class java.time.Period as reading converter
2025-11-14 01:00:19 [restartedMain] DEBUG o.s.data.convert.CustomConversions - Adding converter from class java.time.Duration to class [B as reading converter
2025-11-14 01:00:19 [restartedMain] DEBUG o.s.data.convert.CustomConversions - Adding converter from class [B to class java.time.Duration as reading converter
2025-11-14 01:00:19 [restartedMain] DEBUG o.s.data.convert.CustomConversions - Adding converter from class java.time.OffsetDateTime to class [B as reading converter
2025-11-14 01:00:19 [restartedMain] DEBUG o.s.data.convert.CustomConversions - Adding converter from class [B to class java.time.OffsetDateTime as reading converter
2025-11-14 01:00:19 [restartedMain] DEBUG o.s.data.convert.CustomConversions - Adding converter from class java.time.OffsetTime to class [B as reading converter
2025-11-14 01:00:19 [restartedMain] DEBUG o.s.data.convert.CustomConversions - Adding converter from class [B to class java.time.OffsetTime as reading converter
2025-11-14 01:00:19 [restartedMain] DEBUG o.s.data.convert.CustomConversions - Adding converter from class java.util.Date to class java.time.LocalDateTime as reading converter
2025-11-14 01:00:19 [restartedMain] DEBUG o.s.data.convert.CustomConversions - Adding converter from class java.time.LocalDateTime to class java.util.Date as writing converter
2025-11-14 01:00:19 [restartedMain] DEBUG o.s.data.convert.CustomConversions - Adding converter from class java.util.Date to class java.time.LocalDate as reading converter
2025-11-14 01:00:19 [restartedMain] DEBUG o.s.data.convert.CustomConversions - Adding converter from class java.time.LocalDate to class java.util.Date as writing converter
2025-11-14 01:00:19 [restartedMain] DEBUG o.s.data.convert.CustomConversions - Adding converter from class java.util.Date to class java.time.LocalTime as reading converter
2025-11-14 01:00:19 [restartedMain] DEBUG o.s.data.convert.CustomConversions - Adding converter from class java.time.LocalTime to class java.util.Date as writing converter
2025-11-14 01:00:19 [restartedMain] DEBUG o.s.data.convert.CustomConversions - Adding converter from class java.util.Date to class java.time.Instant as reading converter
2025-11-14 01:00:19 [restartedMain] DEBUG o.s.data.convert.CustomConversions - Adding converter from class java.time.Instant to class java.util.Date as writing converter
2025-11-14 01:00:19 [restartedMain] DEBUG o.s.data.convert.CustomConversions - Adding converter from class java.time.LocalDateTime to class java.time.Instant as reading converter
2025-11-14 01:00:19 [restartedMain] DEBUG o.s.data.convert.CustomConversions - Adding converter from class java.time.Instant to class java.time.LocalDateTime as reading converter
2025-11-14 01:00:19 [restartedMain] DEBUG o.s.data.convert.CustomConversions - Adding converter from class java.time.ZoneId to class java.lang.String as writing converter
2025-11-14 01:00:19 [restartedMain] DEBUG o.s.data.convert.CustomConversions - Adding converter from class java.lang.String to class java.time.ZoneId as reading converter
2025-11-14 01:00:19 [restartedMain] DEBUG o.s.data.convert.CustomConversions - Adding converter from class java.time.Duration to class java.lang.String as writing converter
2025-11-14 01:00:19 [restartedMain] DEBUG o.s.data.convert.CustomConversions - Adding converter from class java.lang.String to class java.time.Duration as reading converter
2025-11-14 01:00:19 [restartedMain] DEBUG o.s.data.convert.CustomConversions - Adding converter from class java.time.Period to class java.lang.String as writing converter
2025-11-14 01:00:19 [restartedMain] DEBUG o.s.data.convert.CustomConversions - Adding converter from class java.lang.String to class java.time.Period as reading converter
2025-11-14 01:00:19 [restartedMain] DEBUG o.s.data.convert.CustomConversions - Adding converter from class java.lang.String to class java.time.LocalDate as reading converter
2025-11-14 01:00:19 [restartedMain] DEBUG o.s.data.convert.CustomConversions - Adding converter from class java.lang.String to class java.time.LocalDateTime as reading converter
2025-11-14 01:00:19 [restartedMain] DEBUG o.s.data.convert.CustomConversions - Adding converter from class java.lang.String to class java.time.Instant as reading converter
2025-11-14 01:00:19 [restartedMain] DEBUG o.s.data.convert.CustomConversions - Adding converter from class java.lang.String to class [B as writing converter
2025-11-14 01:00:19 [restartedMain] DEBUG o.s.data.convert.CustomConversions - Adding converter from class [B to class java.lang.String as reading converter
2025-11-14 01:00:19 [restartedMain] DEBUG o.s.data.convert.CustomConversions - Adding converter from class java.lang.Number to class [B as writing converter
2025-11-14 01:00:19 [restartedMain] DEBUG o.s.data.convert.CustomConversions - Adding converter from class [B to class java.lang.Number as reading converter
2025-11-14 01:00:19 [restartedMain] DEBUG o.s.data.convert.CustomConversions - Adding converter from class java.lang.Enum to class [B as writing converter
2025-11-14 01:00:19 [restartedMain] DEBUG o.s.data.convert.CustomConversions - Adding converter from class [B to class java.lang.Enum as reading converter
2025-11-14 01:00:19 [restartedMain] DEBUG o.s.data.convert.CustomConversions - Adding converter from class java.lang.Boolean to class [B as writing converter
2025-11-14 01:00:19 [restartedMain] DEBUG o.s.data.convert.CustomConversions - Adding converter from class [B to class java.lang.Boolean as reading converter
2025-11-14 01:00:19 [restartedMain] DEBUG o.s.data.convert.CustomConversions - Adding converter from class java.util.Date to class [B as writing converter
2025-11-14 01:00:19 [restartedMain] DEBUG o.s.data.convert.CustomConversions - Adding converter from class [B to class java.util.Date as reading converter
2025-11-14 01:00:19 [restartedMain] DEBUG o.s.data.convert.CustomConversions - Adding converter from class java.util.UUID to class [B as writing converter
2025-11-14 01:00:19 [restartedMain] DEBUG o.s.data.convert.CustomConversions - Adding converter from class [B to class java.util.UUID as reading converter
2025-11-14 01:00:19 [restartedMain] DEBUG o.s.data.convert.CustomConversions - Adding converter from class java.time.LocalDateTime to class [B as reading converter
2025-11-14 01:00:19 [restartedMain] DEBUG o.s.data.convert.CustomConversions - Adding converter from class [B to class java.time.LocalDateTime as reading converter
2025-11-14 01:00:19 [restartedMain] DEBUG o.s.data.convert.CustomConversions - Adding converter from class java.time.LocalDate to class [B as reading converter
2025-11-14 01:00:19 [restartedMain] DEBUG o.s.data.convert.CustomConversions - Adding converter from class [B to class java.time.LocalDate as reading converter
2025-11-14 01:00:19 [restartedMain] DEBUG o.s.data.convert.CustomConversions - Adding converter from class java.time.LocalTime to class [B as reading converter
2025-11-14 01:00:19 [restartedMain] DEBUG o.s.data.convert.CustomConversions - Adding converter from class [B to class java.time.LocalTime as reading converter
2025-11-14 01:00:19 [restartedMain] DEBUG o.s.data.convert.CustomConversions - Adding converter from class java.time.ZonedDateTime to class [B as reading converter
2025-11-14 01:00:19 [restartedMain] DEBUG o.s.data.convert.CustomConversions - Adding converter from class [B to class java.time.ZonedDateTime as reading converter
2025-11-14 01:00:19 [restartedMain] DEBUG o.s.data.convert.CustomConversions - Adding converter from class java.time.Instant to class [B as reading converter
2025-11-14 01:00:19 [restartedMain] DEBUG o.s.data.convert.CustomConversions - Adding converter from class [B to class java.time.Instant as reading converter
2025-11-14 01:00:19 [restartedMain] DEBUG o.s.data.convert.CustomConversions - Adding converter from class java.time.ZoneId to class [B as reading converter
2025-11-14 01:00:19 [restartedMain] DEBUG o.s.data.convert.CustomConversions - Adding converter from class [B to class java.time.ZoneId as reading converter
2025-11-14 01:00:19 [restartedMain] DEBUG o.s.data.convert.CustomConversions - Adding converter from class java.time.Period to class [B as reading converter
2025-11-14 01:00:19 [restartedMain] DEBUG o.s.data.convert.CustomConversions - Adding converter from class [B to class java.time.Period as reading converter
2025-11-14 01:00:19 [restartedMain] DEBUG o.s.data.convert.CustomConversions - Adding converter from class java.time.Duration to class [B as reading converter
2025-11-14 01:00:19 [restartedMain] DEBUG o.s.data.convert.CustomConversions - Adding converter from class [B to class java.time.Duration as reading converter
2025-11-14 01:00:19 [restartedMain] DEBUG o.s.data.convert.CustomConversions - Adding converter from class java.time.OffsetDateTime to class [B as reading converter
2025-11-14 01:00:19 [restartedMain] DEBUG o.s.data.convert.CustomConversions - Adding converter from class [B to class java.time.OffsetDateTime as reading converter
2025-11-14 01:00:19 [restartedMain] DEBUG o.s.data.convert.CustomConversions - Adding converter from class java.time.OffsetTime to class [B as reading converter
2025-11-14 01:00:19 [restartedMain] DEBUG o.s.data.convert.CustomConversions - Adding converter from class [B to class java.time.OffsetTime as reading converter
2025-11-14 01:00:19 [restartedMain] DEBUG o.s.data.convert.CustomConversions - Adding converter from class java.util.Date to class java.time.LocalDateTime as reading converter
2025-11-14 01:00:19 [restartedMain] DEBUG o.s.data.convert.CustomConversions - Adding converter from class java.time.LocalDateTime to class java.util.Date as writing converter
2025-11-14 01:00:19 [restartedMain] DEBUG o.s.data.convert.CustomConversions - Adding converter from class java.util.Date to class java.time.LocalDate as reading converter
2025-11-14 01:00:19 [restartedMain] DEBUG o.s.data.convert.CustomConversions - Adding converter from class java.time.LocalDate to class java.util.Date as writing converter
2025-11-14 01:00:19 [restartedMain] DEBUG o.s.data.convert.CustomConversions - Adding converter from class java.util.Date to class java.time.LocalTime as reading converter
2025-11-14 01:00:19 [restartedMain] DEBUG o.s.data.convert.CustomConversions - Adding converter from class java.time.LocalTime to class java.util.Date as writing converter
2025-11-14 01:00:19 [restartedMain] DEBUG o.s.data.convert.CustomConversions - Adding converter from class java.util.Date to class java.time.Instant as reading converter
2025-11-14 01:00:19 [restartedMain] DEBUG o.s.data.convert.CustomConversions - Adding converter from class java.time.Instant to class java.util.Date as writing converter
2025-11-14 01:00:19 [restartedMain] DEBUG o.s.data.convert.CustomConversions - Adding converter from class java.time.LocalDateTime to class java.time.Instant as reading converter
2025-11-14 01:00:19 [restartedMain] DEBUG o.s.data.convert.CustomConversions - Adding converter from class java.time.Instant to class java.time.LocalDateTime as reading converter
2025-11-14 01:00:19 [restartedMain] DEBUG o.s.data.convert.CustomConversions - Adding converter from class java.time.ZoneId to class java.lang.String as writing converter
2025-11-14 01:00:19 [restartedMain] DEBUG o.s.data.convert.CustomConversions - Adding converter from class java.lang.String to class java.time.ZoneId as reading converter
2025-11-14 01:00:19 [restartedMain] DEBUG o.s.data.convert.CustomConversions - Adding converter from class java.time.Duration to class java.lang.String as writing converter
2025-11-14 01:00:19 [restartedMain] DEBUG o.s.data.convert.CustomConversions - Adding converter from class java.lang.String to class java.time.Duration as reading converter
2025-11-14 01:00:19 [restartedMain] DEBUG o.s.data.convert.CustomConversions - Adding converter from class java.time.Period to class java.lang.String as writing converter
2025-11-14 01:00:19 [restartedMain] DEBUG o.s.data.convert.CustomConversions - Adding converter from class java.lang.String to class java.time.Period as reading converter
2025-11-14 01:00:19 [restartedMain] DEBUG o.s.data.convert.CustomConversions - Adding converter from class java.lang.String to class java.time.LocalDate as reading converter
2025-11-14 01:00:19 [restartedMain] DEBUG o.s.data.convert.CustomConversions - Adding converter from class java.lang.String to class java.time.LocalDateTime as reading converter
2025-11-14 01:00:19 [restartedMain] DEBUG o.s.data.convert.CustomConversions - Adding converter from class java.lang.String to class java.time.Instant as reading converter
2025-11-14 01:00:19 [restartedMain] DEBUG o.s.data.convert.CustomConversions - Adding converter from class java.lang.String to class [B as writing converter
2025-11-14 01:00:19 [restartedMain] DEBUG o.s.data.convert.CustomConversions - Adding converter from class [B to class java.lang.String as reading converter
2025-11-14 01:00:19 [restartedMain] DEBUG o.s.data.convert.CustomConversions - Adding converter from class java.lang.Number to class [B as writing converter
2025-11-14 01:00:19 [restartedMain] DEBUG o.s.data.convert.CustomConversions - Adding converter from class [B to class java.lang.Number as reading converter
2025-11-14 01:00:19 [restartedMain] DEBUG o.s.data.convert.CustomConversions - Adding converter from class java.lang.Enum to class [B as writing converter
2025-11-14 01:00:19 [restartedMain] DEBUG o.s.data.convert.CustomConversions - Adding converter from class [B to class java.lang.Enum as reading converter
2025-11-14 01:00:19 [restartedMain] DEBUG o.s.data.convert.CustomConversions - Adding converter from class java.lang.Boolean to class [B as writing converter
2025-11-14 01:00:19 [restartedMain] DEBUG o.s.data.convert.CustomConversions - Adding converter from class [B to class java.lang.Boolean as reading converter
2025-11-14 01:00:19 [restartedMain] DEBUG o.s.data.convert.CustomConversions - Adding converter from class java.util.Date to class [B as writing converter
2025-11-14 01:00:19 [restartedMain] DEBUG o.s.data.convert.CustomConversions - Adding converter from class [B to class java.util.Date as reading converter
2025-11-14 01:00:19 [restartedMain] DEBUG o.s.data.convert.CustomConversions - Adding converter from class java.util.UUID to class [B as writing converter
2025-11-14 01:00:19 [restartedMain] DEBUG o.s.data.convert.CustomConversions - Adding converter from class [B to class java.util.UUID as reading converter
2025-11-14 01:00:19 [restartedMain] DEBUG o.s.data.convert.CustomConversions - Adding converter from class java.time.LocalDateTime to class [B as reading converter
2025-11-14 01:00:19 [restartedMain] DEBUG o.s.data.convert.CustomConversions - Adding converter from class [B to class java.time.LocalDateTime as reading converter
2025-11-14 01:00:19 [restartedMain] DEBUG o.s.data.convert.CustomConversions - Adding converter from class java.time.LocalDate to class [B as reading converter
2025-11-14 01:00:19 [restartedMain] DEBUG o.s.data.convert.CustomConversions - Adding converter from class [B to class java.time.LocalDate as reading converter
2025-11-14 01:00:19 [restartedMain] DEBUG o.s.data.convert.CustomConversions - Adding converter from class java.time.LocalTime to class [B as reading converter
2025-11-14 01:00:19 [restartedMain] DEBUG o.s.data.convert.CustomConversions - Adding converter from class [B to class java.time.LocalTime as reading converter
2025-11-14 01:00:19 [restartedMain] DEBUG o.s.data.convert.CustomConversions - Adding converter from class java.time.ZonedDateTime to class [B as reading converter
2025-11-14 01:00:19 [restartedMain] DEBUG o.s.data.convert.CustomConversions - Adding converter from class [B to class java.time.ZonedDateTime as reading converter
2025-11-14 01:00:19 [restartedMain] DEBUG o.s.data.convert.CustomConversions - Adding converter from class java.time.Instant to class [B as reading converter
2025-11-14 01:00:19 [restartedMain] DEBUG o.s.data.convert.CustomConversions - Adding converter from class [B to class java.time.Instant as reading converter
2025-11-14 01:00:19 [restartedMain] DEBUG o.s.data.convert.CustomConversions - Adding converter from class java.time.ZoneId to class [B as reading converter
2025-11-14 01:00:19 [restartedMain] DEBUG o.s.data.convert.CustomConversions - Adding converter from class [B to class java.time.ZoneId as reading converter
2025-11-14 01:00:19 [restartedMain] DEBUG o.s.data.convert.CustomConversions - Adding converter from class java.time.Period to class [B as reading converter
2025-11-14 01:00:19 [restartedMain] DEBUG o.s.data.convert.CustomConversions - Adding converter from class [B to class java.time.Period as reading converter
2025-11-14 01:00:19 [restartedMain] DEBUG o.s.data.convert.CustomConversions - Adding converter from class java.time.Duration to class [B as reading converter
2025-11-14 01:00:19 [restartedMain] DEBUG o.s.data.convert.CustomConversions - Adding converter from class [B to class java.time.Duration as reading converter
2025-11-14 01:00:19 [restartedMain] DEBUG o.s.data.convert.CustomConversions - Adding converter from class java.time.OffsetDateTime to class [B as reading converter
2025-11-14 01:00:19 [restartedMain] DEBUG o.s.data.convert.CustomConversions - Adding converter from class [B to class java.time.OffsetDateTime as reading converter
2025-11-14 01:00:19 [restartedMain] DEBUG o.s.data.convert.CustomConversions - Adding converter from class java.time.OffsetTime to class [B as reading converter
2025-11-14 01:00:19 [restartedMain] DEBUG o.s.data.convert.CustomConversions - Adding converter from class [B to class java.time.OffsetTime as reading converter
2025-11-14 01:00:19 [restartedMain] DEBUG o.s.data.convert.CustomConversions - Adding converter from class java.util.Date to class java.time.LocalDateTime as reading converter
2025-11-14 01:00:19 [restartedMain] DEBUG o.s.data.convert.CustomConversions - Adding converter from class java.time.LocalDateTime to class java.util.Date as writing converter
2025-11-14 01:00:19 [restartedMain] DEBUG o.s.data.convert.CustomConversions - Adding converter from class java.util.Date to class java.time.LocalDate as reading converter
2025-11-14 01:00:19 [restartedMain] DEBUG o.s.data.convert.CustomConversions - Adding converter from class java.time.LocalDate to class java.util.Date as writing converter
2025-11-14 01:00:19 [restartedMain] DEBUG o.s.data.convert.CustomConversions - Adding converter from class java.util.Date to class java.time.LocalTime as reading converter
2025-11-14 01:00:19 [restartedMain] DEBUG o.s.data.convert.CustomConversions - Adding converter from class java.time.LocalTime to class java.util.Date as writing converter
2025-11-14 01:00:19 [restartedMain] DEBUG o.s.data.convert.CustomConversions - Adding converter from class java.util.Date to class java.time.Instant as reading converter
2025-11-14 01:00:19 [restartedMain] DEBUG o.s.data.convert.CustomConversions - Adding converter from class java.time.Instant to class java.util.Date as writing converter
2025-11-14 01:00:19 [restartedMain] DEBUG o.s.data.convert.CustomConversions - Adding converter from class java.time.LocalDateTime to class java.time.Instant as reading converter
2025-11-14 01:00:19 [restartedMain] DEBUG o.s.data.convert.CustomConversions - Adding converter from class java.time.Instant to class java.time.LocalDateTime as reading converter
2025-11-14 01:00:19 [restartedMain] DEBUG o.s.data.convert.CustomConversions - Adding converter from class java.time.ZoneId to class java.lang.String as writing converter
2025-11-14 01:00:19 [restartedMain] DEBUG o.s.data.convert.CustomConversions - Adding converter from class java.lang.String to class java.time.ZoneId as reading converter
2025-11-14 01:00:19 [restartedMain] DEBUG o.s.data.convert.CustomConversions - Adding converter from class java.time.Duration to class java.lang.String as writing converter
2025-11-14 01:00:19 [restartedMain] DEBUG o.s.data.convert.CustomConversions - Adding converter from class java.lang.String to class java.time.Duration as reading converter
2025-11-14 01:00:19 [restartedMain] DEBUG o.s.data.convert.CustomConversions - Adding converter from class java.time.Period to class java.lang.String as writing converter
2025-11-14 01:00:19 [restartedMain] DEBUG o.s.data.convert.CustomConversions - Adding converter from class java.lang.String to class java.time.Period as reading converter
2025-11-14 01:00:19 [restartedMain] DEBUG o.s.data.convert.CustomConversions - Adding converter from class java.lang.String to class java.time.LocalDate as reading converter
2025-11-14 01:00:19 [restartedMain] DEBUG o.s.data.convert.CustomConversions - Adding converter from class java.lang.String to class java.time.LocalDateTime as reading converter
2025-11-14 01:00:19 [restartedMain] DEBUG o.s.data.convert.CustomConversions - Adding converter from class java.lang.String to class java.time.Instant as reading converter
2025-11-14 01:00:19 [restartedMain] DEBUG o.s.data.convert.CustomConversions - Adding converter from class java.lang.String to class [B as writing converter
2025-11-14 01:00:19 [restartedMain] DEBUG o.s.data.convert.CustomConversions - Adding converter from class [B to class java.lang.String as reading converter
2025-11-14 01:00:19 [restartedMain] DEBUG o.s.data.convert.CustomConversions - Adding converter from class java.lang.Number to class [B as writing converter
2025-11-14 01:00:19 [restartedMain] DEBUG o.s.data.convert.CustomConversions - Adding converter from class [B to class java.lang.Number as reading converter
2025-11-14 01:00:19 [restartedMain] DEBUG o.s.data.convert.CustomConversions - Adding converter from class java.lang.Enum to class [B as writing converter
2025-11-14 01:00:19 [restartedMain] DEBUG o.s.data.convert.CustomConversions - Adding converter from class [B to class java.lang.Enum as reading converter
2025-11-14 01:00:19 [restartedMain] DEBUG o.s.data.convert.CustomConversions - Adding converter from class java.lang.Boolean to class [B as writing converter
2025-11-14 01:00:19 [restartedMain] DEBUG o.s.data.convert.CustomConversions - Adding converter from class [B to class java.lang.Boolean as reading converter
2025-11-14 01:00:19 [restartedMain] DEBUG o.s.data.convert.CustomConversions - Adding converter from class java.util.Date to class [B as writing converter
2025-11-14 01:00:19 [restartedMain] DEBUG o.s.data.convert.CustomConversions - Adding converter from class [B to class java.util.Date as reading converter
2025-11-14 01:00:19 [restartedMain] DEBUG o.s.data.convert.CustomConversions - Adding converter from class java.util.UUID to class [B as writing converter
2025-11-14 01:00:19 [restartedMain] DEBUG o.s.data.convert.CustomConversions - Adding converter from class [B to class java.util.UUID as reading converter
2025-11-14 01:00:19 [restartedMain] DEBUG o.s.data.convert.CustomConversions - Adding converter from class java.time.LocalDateTime to class [B as reading converter
2025-11-14 01:00:19 [restartedMain] DEBUG o.s.data.convert.CustomConversions - Adding converter from class [B to class java.time.LocalDateTime as reading converter
2025-11-14 01:00:19 [restartedMain] DEBUG o.s.data.convert.CustomConversions - Adding converter from class java.time.LocalDate to class [B as reading converter
2025-11-14 01:00:19 [restartedMain] DEBUG o.s.data.convert.CustomConversions - Adding converter from class [B to class java.time.LocalDate as reading converter
2025-11-14 01:00:19 [restartedMain] DEBUG o.s.data.convert.CustomConversions - Adding converter from class java.time.LocalTime to class [B as reading converter
2025-11-14 01:00:19 [restartedMain] DEBUG o.s.data.convert.CustomConversions - Adding converter from class [B to class java.time.LocalTime as reading converter
2025-11-14 01:00:19 [restartedMain] DEBUG o.s.data.convert.CustomConversions - Adding converter from class java.time.ZonedDateTime to class [B as reading converter
2025-11-14 01:00:19 [restartedMain] DEBUG o.s.data.convert.CustomConversions - Adding converter from class [B to class java.time.ZonedDateTime as reading converter
2025-11-14 01:00:19 [restartedMain] DEBUG o.s.data.convert.CustomConversions - Adding converter from class java.time.Instant to class [B as reading converter
2025-11-14 01:00:19 [restartedMain] DEBUG o.s.data.convert.CustomConversions - Adding converter from class [B to class java.time.Instant as reading converter
2025-11-14 01:00:20 [restartedMain] DEBUG o.s.data.convert.CustomConversions - Adding converter from class java.time.ZoneId to class [B as reading converter
2025-11-14 01:00:20 [restartedMain] DEBUG o.s.data.convert.CustomConversions - Adding converter from class [B to class java.time.ZoneId as reading converter
2025-11-14 01:00:20 [restartedMain] DEBUG o.s.data.convert.CustomConversions - Adding converter from class java.time.Period to class [B as reading converter
2025-11-14 01:00:20 [restartedMain] DEBUG o.s.data.convert.CustomConversions - Adding converter from class [B to class java.time.Period as reading converter
2025-11-14 01:00:20 [restartedMain] DEBUG o.s.data.convert.CustomConversions - Adding converter from class java.time.Duration to class [B as reading converter
2025-11-14 01:00:20 [restartedMain] DEBUG o.s.data.convert.CustomConversions - Adding converter from class [B to class java.time.Duration as reading converter
2025-11-14 01:00:20 [restartedMain] DEBUG o.s.data.convert.CustomConversions - Adding converter from class java.time.OffsetDateTime to class [B as reading converter
2025-11-14 01:00:20 [restartedMain] DEBUG o.s.data.convert.CustomConversions - Adding converter from class [B to class java.time.OffsetDateTime as reading converter
2025-11-14 01:00:20 [restartedMain] DEBUG o.s.data.convert.CustomConversions - Adding converter from class java.time.OffsetTime to class [B as reading converter
2025-11-14 01:00:20 [restartedMain] DEBUG o.s.data.convert.CustomConversions - Adding converter from class [B to class java.time.OffsetTime as reading converter
2025-11-14 01:00:20 [restartedMain] DEBUG o.s.data.convert.CustomConversions - Adding converter from class java.util.Date to class java.time.LocalDateTime as reading converter
2025-11-14 01:00:20 [restartedMain] DEBUG o.s.data.convert.CustomConversions - Adding converter from class java.time.LocalDateTime to class java.util.Date as writing converter
2025-11-14 01:00:20 [restartedMain] DEBUG o.s.data.convert.CustomConversions - Adding converter from class java.util.Date to class java.time.LocalDate as reading converter
2025-11-14 01:00:20 [restartedMain] DEBUG o.s.data.convert.CustomConversions - Adding converter from class java.time.LocalDate to class java.util.Date as writing converter
2025-11-14 01:00:20 [restartedMain] DEBUG o.s.data.convert.CustomConversions - Adding converter from class java.util.Date to class java.time.LocalTime as reading converter
2025-11-14 01:00:20 [restartedMain] DEBUG o.s.data.convert.CustomConversions - Adding converter from class java.time.LocalTime to class java.util.Date as writing converter
2025-11-14 01:00:20 [restartedMain] DEBUG o.s.data.convert.CustomConversions - Adding converter from class java.util.Date to class java.time.Instant as reading converter
2025-11-14 01:00:20 [restartedMain] DEBUG o.s.data.convert.CustomConversions - Adding converter from class java.time.Instant to class java.util.Date as writing converter
2025-11-14 01:00:20 [restartedMain] DEBUG o.s.data.convert.CustomConversions - Adding converter from class java.time.LocalDateTime to class java.time.Instant as reading converter
2025-11-14 01:00:20 [restartedMain] DEBUG o.s.data.convert.CustomConversions - Adding converter from class java.time.Instant to class java.time.LocalDateTime as reading converter
2025-11-14 01:00:20 [restartedMain] DEBUG o.s.data.convert.CustomConversions - Adding converter from class java.time.ZoneId to class java.lang.String as writing converter
2025-11-14 01:00:20 [restartedMain] DEBUG o.s.data.convert.CustomConversions - Adding converter from class java.lang.String to class java.time.ZoneId as reading converter
2025-11-14 01:00:20 [restartedMain] DEBUG o.s.data.convert.CustomConversions - Adding converter from class java.time.Duration to class java.lang.String as writing converter
2025-11-14 01:00:20 [restartedMain] DEBUG o.s.data.convert.CustomConversions - Adding converter from class java.lang.String to class java.time.Duration as reading converter
2025-11-14 01:00:20 [restartedMain] DEBUG o.s.data.convert.CustomConversions - Adding converter from class java.time.Period to class java.lang.String as writing converter
2025-11-14 01:00:20 [restartedMain] DEBUG o.s.data.convert.CustomConversions - Adding converter from class java.lang.String to class java.time.Period as reading converter
2025-11-14 01:00:20 [restartedMain] DEBUG o.s.data.convert.CustomConversions - Adding converter from class java.lang.String to class java.time.LocalDate as reading converter
2025-11-14 01:00:20 [restartedMain] DEBUG o.s.data.convert.CustomConversions - Adding converter from class java.lang.String to class java.time.LocalDateTime as reading converter
2025-11-14 01:00:20 [restartedMain] DEBUG o.s.data.convert.CustomConversions - Adding converter from class java.lang.String to class java.time.Instant as reading converter
2025-11-14 01:00:20 [restartedMain] DEBUG o.s.data.convert.CustomConversions - Adding converter from class java.lang.String to class [B as writing converter
2025-11-14 01:00:20 [restartedMain] DEBUG o.s.data.convert.CustomConversions - Adding converter from class [B to class java.lang.String as reading converter
2025-11-14 01:00:20 [restartedMain] DEBUG o.s.data.convert.CustomConversions - Adding converter from class java.lang.Number to class [B as writing converter
2025-11-14 01:00:20 [restartedMain] DEBUG o.s.data.convert.CustomConversions - Adding converter from class [B to class java.lang.Number as reading converter
2025-11-14 01:00:20 [restartedMain] DEBUG o.s.data.convert.CustomConversions - Adding converter from class java.lang.Enum to class [B as writing converter
2025-11-14 01:00:20 [restartedMain] DEBUG o.s.data.convert.CustomConversions - Adding converter from class [B to class java.lang.Enum as reading converter
2025-11-14 01:00:20 [restartedMain] DEBUG o.s.data.convert.CustomConversions - Adding converter from class java.lang.Boolean to class [B as writing converter
2025-11-14 01:00:20 [restartedMain] DEBUG o.s.data.convert.CustomConversions - Adding converter from class [B to class java.lang.Boolean as reading converter
2025-11-14 01:00:20 [restartedMain] DEBUG o.s.data.convert.CustomConversions - Adding converter from class java.util.Date to class [B as writing converter
2025-11-14 01:00:20 [restartedMain] DEBUG o.s.data.convert.CustomConversions - Adding converter from class [B to class java.util.Date as reading converter
2025-11-14 01:00:20 [restartedMain] DEBUG o.s.data.convert.CustomConversions - Adding converter from class java.util.UUID to class [B as writing converter
2025-11-14 01:00:20 [restartedMain] DEBUG o.s.data.convert.CustomConversions - Adding converter from class [B to class java.util.UUID as reading converter
2025-11-14 01:00:20 [restartedMain] DEBUG o.s.data.convert.CustomConversions - Adding converter from class java.time.LocalDateTime to class [B as reading converter
2025-11-14 01:00:20 [restartedMain] DEBUG o.s.data.convert.CustomConversions - Adding converter from class [B to class java.time.LocalDateTime as reading converter
2025-11-14 01:00:20 [restartedMain] DEBUG o.s.data.convert.CustomConversions - Adding converter from class java.time.LocalDate to class [B as reading converter
2025-11-14 01:00:20 [restartedMain] DEBUG o.s.data.convert.CustomConversions - Adding converter from class [B to class java.time.LocalDate as reading converter
2025-11-14 01:00:20 [restartedMain] DEBUG o.s.data.convert.CustomConversions - Adding converter from class java.time.LocalTime to class [B as reading converter
2025-11-14 01:00:20 [restartedMain] DEBUG o.s.data.convert.CustomConversions - Adding converter from class [B to class java.time.LocalTime as reading converter
2025-11-14 01:00:20 [restartedMain] DEBUG o.s.data.convert.CustomConversions - Adding converter from class java.time.ZonedDateTime to class [B as reading converter
2025-11-14 01:00:20 [restartedMain] DEBUG o.s.data.convert.CustomConversions - Adding converter from class [B to class java.time.ZonedDateTime as reading converter
2025-11-14 01:00:20 [restartedMain] DEBUG o.s.data.convert.CustomConversions - Adding converter from class java.time.Instant to class [B as reading converter
2025-11-14 01:00:20 [restartedMain] DEBUG o.s.data.convert.CustomConversions - Adding converter from class [B to class java.time.Instant as reading converter
2025-11-14 01:00:20 [restartedMain] DEBUG o.s.data.convert.CustomConversions - Adding converter from class java.time.ZoneId to class [B as reading converter
2025-11-14 01:00:20 [restartedMain] DEBUG o.s.data.convert.CustomConversions - Adding converter from class [B to class java.time.ZoneId as reading converter
2025-11-14 01:00:20 [restartedMain] DEBUG o.s.data.convert.CustomConversions - Adding converter from class java.time.Period to class [B as reading converter
2025-11-14 01:00:20 [restartedMain] DEBUG o.s.data.convert.CustomConversions - Adding converter from class [B to class java.time.Period as reading converter
2025-11-14 01:00:20 [restartedMain] DEBUG o.s.data.convert.CustomConversions - Adding converter from class java.time.Duration to class [B as reading converter
2025-11-14 01:00:20 [restartedMain] DEBUG o.s.data.convert.CustomConversions - Adding converter from class [B to class java.time.Duration as reading converter
2025-11-14 01:00:20 [restartedMain] DEBUG o.s.data.convert.CustomConversions - Adding converter from class java.time.OffsetDateTime to class [B as reading converter
2025-11-14 01:00:20 [restartedMain] DEBUG o.s.data.convert.CustomConversions - Adding converter from class [B to class java.time.OffsetDateTime as reading converter
2025-11-14 01:00:20 [restartedMain] DEBUG o.s.data.convert.CustomConversions - Adding converter from class java.time.OffsetTime to class [B as reading converter
2025-11-14 01:00:20 [restartedMain] DEBUG o.s.data.convert.CustomConversions - Adding converter from class [B to class java.time.OffsetTime as reading converter
2025-11-14 01:00:20 [restartedMain] DEBUG o.s.data.convert.CustomConversions - Adding converter from class java.util.Date to class java.time.LocalDateTime as reading converter
2025-11-14 01:00:20 [restartedMain] DEBUG o.s.data.convert.CustomConversions - Adding converter from class java.time.LocalDateTime to class java.util.Date as writing converter
2025-11-14 01:00:20 [restartedMain] DEBUG o.s.data.convert.CustomConversions - Adding converter from class java.util.Date to class java.time.LocalDate as reading converter
2025-11-14 01:00:20 [restartedMain] DEBUG o.s.data.convert.CustomConversions - Adding converter from class java.time.LocalDate to class java.util.Date as writing converter
2025-11-14 01:00:20 [restartedMain] DEBUG o.s.data.convert.CustomConversions - Adding converter from class java.util.Date to class java.time.LocalTime as reading converter
2025-11-14 01:00:20 [restartedMain] DEBUG o.s.data.convert.CustomConversions - Adding converter from class java.time.LocalTime to class java.util.Date as writing converter
2025-11-14 01:00:20 [restartedMain] DEBUG o.s.data.convert.CustomConversions - Adding converter from class java.util.Date to class java.time.Instant as reading converter
2025-11-14 01:00:20 [restartedMain] DEBUG o.s.data.convert.CustomConversions - Adding converter from class java.time.Instant to class java.util.Date as writing converter
2025-11-14 01:00:20 [restartedMain] DEBUG o.s.data.convert.CustomConversions - Adding converter from class java.time.LocalDateTime to class java.time.Instant as reading converter
2025-11-14 01:00:20 [restartedMain] DEBUG o.s.data.convert.CustomConversions - Adding converter from class java.time.Instant to class java.time.LocalDateTime as reading converter
2025-11-14 01:00:20 [restartedMain] DEBUG o.s.data.convert.CustomConversions - Adding converter from class java.time.ZoneId to class java.lang.String as writing converter
2025-11-14 01:00:20 [restartedMain] DEBUG o.s.data.convert.CustomConversions - Adding converter from class java.lang.String to class java.time.ZoneId as reading converter
2025-11-14 01:00:20 [restartedMain] DEBUG o.s.data.convert.CustomConversions - Adding converter from class java.time.Duration to class java.lang.String as writing converter
2025-11-14 01:00:20 [restartedMain] DEBUG o.s.data.convert.CustomConversions - Adding converter from class java.lang.String to class java.time.Duration as reading converter
2025-11-14 01:00:20 [restartedMain] DEBUG o.s.data.convert.CustomConversions - Adding converter from class java.time.Period to class java.lang.String as writing converter
2025-11-14 01:00:20 [restartedMain] DEBUG o.s.data.convert.CustomConversions - Adding converter from class java.lang.String to class java.time.Period as reading converter
2025-11-14 01:00:20 [restartedMain] DEBUG o.s.data.convert.CustomConversions - Adding converter from class java.lang.String to class java.time.LocalDate as reading converter
2025-11-14 01:00:20 [restartedMain] DEBUG o.s.data.convert.CustomConversions - Adding converter from class java.lang.String to class java.time.LocalDateTime as reading converter
2025-11-14 01:00:20 [restartedMain] DEBUG o.s.data.convert.CustomConversions - Adding converter from class java.lang.String to class java.time.Instant as reading converter
2025-11-14 01:00:20 [restartedMain] DEBUG o.s.data.convert.CustomConversions - Adding converter from class java.lang.String to class [B as writing converter
2025-11-14 01:00:20 [restartedMain] DEBUG o.s.data.convert.CustomConversions - Adding converter from class [B to class java.lang.String as reading converter
2025-11-14 01:00:20 [restartedMain] DEBUG o.s.data.convert.CustomConversions - Adding converter from class java.lang.Number to class [B as writing converter
2025-11-14 01:00:20 [restartedMain] DEBUG o.s.data.convert.CustomConversions - Adding converter from class [B to class java.lang.Number as reading converter
2025-11-14 01:00:20 [restartedMain] DEBUG o.s.data.convert.CustomConversions - Adding converter from class java.lang.Enum to class [B as writing converter
2025-11-14 01:00:20 [restartedMain] DEBUG o.s.data.convert.CustomConversions - Adding converter from class [B to class java.lang.Enum as reading converter
2025-11-14 01:00:20 [restartedMain] DEBUG o.s.data.convert.CustomConversions - Adding converter from class java.lang.Boolean to class [B as writing converter
2025-11-14 01:00:20 [restartedMain] DEBUG o.s.data.convert.CustomConversions - Adding converter from class [B to class java.lang.Boolean as reading converter
2025-11-14 01:00:20 [restartedMain] DEBUG o.s.data.convert.CustomConversions - Adding converter from class java.util.Date to class [B as writing converter
2025-11-14 01:00:20 [restartedMain] DEBUG o.s.data.convert.CustomConversions - Adding converter from class [B to class java.util.Date as reading converter
2025-11-14 01:00:20 [restartedMain] DEBUG o.s.data.convert.CustomConversions - Adding converter from class java.util.UUID to class [B as writing converter
2025-11-14 01:00:20 [restartedMain] DEBUG o.s.data.convert.CustomConversions - Adding converter from class [B to class java.util.UUID as reading converter
2025-11-14 01:00:20 [restartedMain] DEBUG o.s.data.convert.CustomConversions - Adding converter from class java.time.LocalDateTime to class [B as reading converter
2025-11-14 01:00:20 [restartedMain] DEBUG o.s.data.convert.CustomConversions - Adding converter from class [B to class java.time.LocalDateTime as reading converter
2025-11-14 01:00:20 [restartedMain] DEBUG o.s.data.convert.CustomConversions - Adding converter from class java.time.LocalDate to class [B as reading converter
2025-11-14 01:00:20 [restartedMain] DEBUG o.s.data.convert.CustomConversions - Adding converter from class [B to class java.time.LocalDate as reading converter
2025-11-14 01:00:20 [restartedMain] DEBUG o.s.data.convert.CustomConversions - Adding converter from class java.time.LocalTime to class [B as reading converter
2025-11-14 01:00:20 [restartedMain] DEBUG o.s.data.convert.CustomConversions - Adding converter from class [B to class java.time.LocalTime as reading converter
2025-11-14 01:00:20 [restartedMain] DEBUG o.s.data.convert.CustomConversions - Adding converter from class java.time.ZonedDateTime to class [B as reading converter
2025-11-14 01:00:20 [restartedMain] DEBUG o.s.data.convert.CustomConversions - Adding converter from class [B to class java.time.ZonedDateTime as reading converter
2025-11-14 01:00:20 [restartedMain] DEBUG o.s.data.convert.CustomConversions - Adding converter from class java.time.Instant to class [B as reading converter
2025-11-14 01:00:20 [restartedMain] DEBUG o.s.data.convert.CustomConversions - Adding converter from class [B to class java.time.Instant as reading converter
2025-11-14 01:00:20 [restartedMain] DEBUG o.s.data.convert.CustomConversions - Adding converter from class java.time.ZoneId to class [B as reading converter
2025-11-14 01:00:20 [restartedMain] DEBUG o.s.data.convert.CustomConversions - Adding converter from class [B to class java.time.ZoneId as reading converter
2025-11-14 01:00:20 [restartedMain] DEBUG o.s.data.convert.CustomConversions - Adding converter from class java.time.Period to class [B as reading converter
2025-11-14 01:00:20 [restartedMain] DEBUG o.s.data.convert.CustomConversions - Adding converter from class [B to class java.time.Period as reading converter
2025-11-14 01:00:20 [restartedMain] DEBUG o.s.data.convert.CustomConversions - Adding converter from class java.time.Duration to class [B as reading converter
2025-11-14 01:00:20 [restartedMain] DEBUG o.s.data.convert.CustomConversions - Adding converter from class [B to class java.time.Duration as reading converter
2025-11-14 01:00:20 [restartedMain] DEBUG o.s.data.convert.CustomConversions - Adding converter from class java.time.OffsetDateTime to class [B as reading converter
2025-11-14 01:00:20 [restartedMain] DEBUG o.s.data.convert.CustomConversions - Adding converter from class [B to class java.time.OffsetDateTime as reading converter
2025-11-14 01:00:20 [restartedMain] DEBUG o.s.data.convert.CustomConversions - Adding converter from class java.time.OffsetTime to class [B as reading converter
2025-11-14 01:00:20 [restartedMain] DEBUG o.s.data.convert.CustomConversions - Adding converter from class [B to class java.time.OffsetTime as reading converter
2025-11-14 01:00:20 [restartedMain] DEBUG o.s.data.convert.CustomConversions - Adding converter from class java.util.Date to class java.time.LocalDateTime as reading converter
2025-11-14 01:00:20 [restartedMain] DEBUG o.s.data.convert.CustomConversions - Adding converter from class java.time.LocalDateTime to class java.util.Date as writing converter
2025-11-14 01:00:20 [restartedMain] DEBUG o.s.data.convert.CustomConversions - Adding converter from class java.util.Date to class java.time.LocalDate as reading converter
2025-11-14 01:00:20 [restartedMain] DEBUG o.s.data.convert.CustomConversions - Adding converter from class java.time.LocalDate to class java.util.Date as writing converter
2025-11-14 01:00:20 [restartedMain] DEBUG o.s.data.convert.CustomConversions - Adding converter from class java.util.Date to class java.time.LocalTime as reading converter
2025-11-14 01:00:20 [restartedMain] DEBUG o.s.data.convert.CustomConversions - Adding converter from class java.time.LocalTime to class java.util.Date as writing converter
2025-11-14 01:00:20 [restartedMain] DEBUG o.s.data.convert.CustomConversions - Adding converter from class java.util.Date to class java.time.Instant as reading converter
2025-11-14 01:00:20 [restartedMain] DEBUG o.s.data.convert.CustomConversions - Adding converter from class java.time.Instant to class java.util.Date as writing converter
2025-11-14 01:00:20 [restartedMain] DEBUG o.s.data.convert.CustomConversions - Adding converter from class java.time.LocalDateTime to class java.time.Instant as reading converter
2025-11-14 01:00:20 [restartedMain] DEBUG o.s.data.convert.CustomConversions - Adding converter from class java.time.Instant to class java.time.LocalDateTime as reading converter
2025-11-14 01:00:20 [restartedMain] DEBUG o.s.data.convert.CustomConversions - Adding converter from class java.time.ZoneId to class java.lang.String as writing converter
2025-11-14 01:00:20 [restartedMain] DEBUG o.s.data.convert.CustomConversions - Adding converter from class java.lang.String to class java.time.ZoneId as reading converter
2025-11-14 01:00:20 [restartedMain] DEBUG o.s.data.convert.CustomConversions - Adding converter from class java.time.Duration to class java.lang.String as writing converter
2025-11-14 01:00:20 [restartedMain] DEBUG o.s.data.convert.CustomConversions - Adding converter from class java.lang.String to class java.time.Duration as reading converter
2025-11-14 01:00:20 [restartedMain] DEBUG o.s.data.convert.CustomConversions - Adding converter from class java.time.Period to class java.lang.String as writing converter
2025-11-14 01:00:20 [restartedMain] DEBUG o.s.data.convert.CustomConversions - Adding converter from class java.lang.String to class java.time.Period as reading converter
2025-11-14 01:00:20 [restartedMain] DEBUG o.s.data.convert.CustomConversions - Adding converter from class java.lang.String to class java.time.LocalDate as reading converter
2025-11-14 01:00:20 [restartedMain] DEBUG o.s.data.convert.CustomConversions - Adding converter from class java.lang.String to class java.time.LocalDateTime as reading converter
2025-11-14 01:00:20 [restartedMain] DEBUG o.s.data.convert.CustomConversions - Adding converter from class java.lang.String to class java.time.Instant as reading converter
2025-11-14 01:00:20 [restartedMain] DEBUG o.s.data.convert.CustomConversions - Adding converter from class java.lang.String to class [B as writing converter
2025-11-14 01:00:20 [restartedMain] DEBUG o.s.data.convert.CustomConversions - Adding converter from class [B to class java.lang.String as reading converter
2025-11-14 01:00:20 [restartedMain] DEBUG o.s.data.convert.CustomConversions - Adding converter from class java.lang.Number to class [B as writing converter
2025-11-14 01:00:20 [restartedMain] DEBUG o.s.data.convert.CustomConversions - Adding converter from class [B to class java.lang.Number as reading converter
2025-11-14 01:00:20 [restartedMain] DEBUG o.s.data.convert.CustomConversions - Adding converter from class java.lang.Enum to class [B as writing converter
2025-11-14 01:00:20 [restartedMain] DEBUG o.s.data.convert.CustomConversions - Adding converter from class [B to class java.lang.Enum as reading converter
2025-11-14 01:00:20 [restartedMain] DEBUG o.s.data.convert.CustomConversions - Adding converter from class java.lang.Boolean to class [B as writing converter
2025-11-14 01:00:20 [restartedMain] DEBUG o.s.data.convert.CustomConversions - Adding converter from class [B to class java.lang.Boolean as reading converter
2025-11-14 01:00:20 [restartedMain] DEBUG o.s.data.convert.CustomConversions - Adding converter from class java.util.Date to class [B as writing converter
2025-11-14 01:00:20 [restartedMain] DEBUG o.s.data.convert.CustomConversions - Adding converter from class [B to class java.util.Date as reading converter
2025-11-14 01:00:20 [restartedMain] DEBUG o.s.data.convert.CustomConversions - Adding converter from class java.util.UUID to class [B as writing converter
2025-11-14 01:00:20 [restartedMain] DEBUG o.s.data.convert.CustomConversions - Adding converter from class [B to class java.util.UUID as reading converter
2025-11-14 01:00:20 [restartedMain] DEBUG o.s.data.convert.CustomConversions - Adding converter from class java.time.LocalDateTime to class [B as reading converter
2025-11-14 01:00:20 [restartedMain] DEBUG o.s.data.convert.CustomConversions - Adding converter from class [B to class java.time.LocalDateTime as reading converter
2025-11-14 01:00:20 [restartedMain] DEBUG o.s.data.convert.CustomConversions - Adding converter from class java.time.LocalDate to class [B as reading converter
2025-11-14 01:00:20 [restartedMain] DEBUG o.s.data.convert.CustomConversions - Adding converter from class [B to class java.time.LocalDate as reading converter
2025-11-14 01:00:20 [restartedMain] DEBUG o.s.data.convert.CustomConversions - Adding converter from class java.time.LocalTime to class [B as reading converter
2025-11-14 01:00:20 [restartedMain] DEBUG o.s.data.convert.CustomConversions - Adding converter from class [B to class java.time.LocalTime as reading converter
2025-11-14 01:00:20 [restartedMain] DEBUG o.s.data.convert.CustomConversions - Adding converter from class java.time.ZonedDateTime to class [B as reading converter
2025-11-14 01:00:20 [restartedMain] DEBUG o.s.data.convert.CustomConversions - Adding converter from class [B to class java.time.ZonedDateTime as reading converter
2025-11-14 01:00:20 [restartedMain] DEBUG o.s.data.convert.CustomConversions - Adding converter from class java.time.Instant to class [B as reading converter
2025-11-14 01:00:20 [restartedMain] DEBUG o.s.data.convert.CustomConversions - Adding converter from class [B to class java.time.Instant as reading converter
2025-11-14 01:00:20 [restartedMain] DEBUG o.s.data.convert.CustomConversions - Adding converter from class java.time.ZoneId to class [B as reading converter
2025-11-14 01:00:20 [restartedMain] DEBUG o.s.data.convert.CustomConversions - Adding converter from class [B to class java.time.ZoneId as reading converter
2025-11-14 01:00:20 [restartedMain] DEBUG o.s.data.convert.CustomConversions - Adding converter from class java.time.Period to class [B as reading converter
2025-11-14 01:00:20 [restartedMain] DEBUG o.s.data.convert.CustomConversions - Adding converter from class [B to class java.time.Period as reading converter
2025-11-14 01:00:20 [restartedMain] DEBUG o.s.data.convert.CustomConversions - Adding converter from class java.time.Duration to class [B as reading converter
2025-11-14 01:00:20 [restartedMain] DEBUG o.s.data.convert.CustomConversions - Adding converter from class [B to class java.time.Duration as reading converter
2025-11-14 01:00:20 [restartedMain] DEBUG o.s.data.convert.CustomConversions - Adding converter from class java.time.OffsetDateTime to class [B as reading converter
2025-11-14 01:00:20 [restartedMain] DEBUG o.s.data.convert.CustomConversions - Adding converter from class [B to class java.time.OffsetDateTime as reading converter
2025-11-14 01:00:20 [restartedMain] DEBUG o.s.data.convert.CustomConversions - Adding converter from class java.time.OffsetTime to class [B as reading converter
2025-11-14 01:00:20 [restartedMain] DEBUG o.s.data.convert.CustomConversions - Adding converter from class [B to class java.time.OffsetTime as reading converter
2025-11-14 01:00:20 [restartedMain] DEBUG o.s.data.convert.CustomConversions - Adding converter from class java.util.Date to class java.time.LocalDateTime as reading converter
2025-11-14 01:00:20 [restartedMain] DEBUG o.s.data.convert.CustomConversions - Adding converter from class java.time.LocalDateTime to class java.util.Date as writing converter
2025-11-14 01:00:20 [restartedMain] DEBUG o.s.data.convert.CustomConversions - Adding converter from class java.util.Date to class java.time.LocalDate as reading converter
2025-11-14 01:00:20 [restartedMain] DEBUG o.s.data.convert.CustomConversions - Adding converter from class java.time.LocalDate to class java.util.Date as writing converter
2025-11-14 01:00:20 [restartedMain] DEBUG o.s.data.convert.CustomConversions - Adding converter from class java.util.Date to class java.time.LocalTime as reading converter
2025-11-14 01:00:20 [restartedMain] DEBUG o.s.data.convert.CustomConversions - Adding converter from class java.time.LocalTime to class java.util.Date as writing converter
2025-11-14 01:00:20 [restartedMain] DEBUG o.s.data.convert.CustomConversions - Adding converter from class java.util.Date to class java.time.Instant as reading converter
2025-11-14 01:00:20 [restartedMain] DEBUG o.s.data.convert.CustomConversions - Adding converter from class java.time.Instant to class java.util.Date as writing converter
2025-11-14 01:00:20 [restartedMain] DEBUG o.s.data.convert.CustomConversions - Adding converter from class java.time.LocalDateTime to class java.time.Instant as reading converter
2025-11-14 01:00:20 [restartedMain] DEBUG o.s.data.convert.CustomConversions - Adding converter from class java.time.Instant to class java.time.LocalDateTime as reading converter
2025-11-14 01:00:20 [restartedMain] DEBUG o.s.data.convert.CustomConversions - Adding converter from class java.time.ZoneId to class java.lang.String as writing converter
2025-11-14 01:00:20 [restartedMain] DEBUG o.s.data.convert.CustomConversions - Adding converter from class java.lang.String to class java.time.ZoneId as reading converter
2025-11-14 01:00:20 [restartedMain] DEBUG o.s.data.convert.CustomConversions - Adding converter from class java.time.Duration to class java.lang.String as writing converter
2025-11-14 01:00:20 [restartedMain] DEBUG o.s.data.convert.CustomConversions - Adding converter from class java.lang.String to class java.time.Duration as reading converter
2025-11-14 01:00:20 [restartedMain] DEBUG o.s.data.convert.CustomConversions - Adding converter from class java.time.Period to class java.lang.String as writing converter
2025-11-14 01:00:20 [restartedMain] DEBUG o.s.data.convert.CustomConversions - Adding converter from class java.lang.String to class java.time.Period as reading converter
2025-11-14 01:00:20 [restartedMain] DEBUG o.s.data.convert.CustomConversions - Adding converter from class java.lang.String to class java.time.LocalDate as reading converter
2025-11-14 01:00:20 [restartedMain] DEBUG o.s.data.convert.CustomConversions - Adding converter from class java.lang.String to class java.time.LocalDateTime as reading converter
2025-11-14 01:00:20 [restartedMain] DEBUG o.s.data.convert.CustomConversions - Adding converter from class java.lang.String to class java.time.Instant as reading converter
2025-11-14 01:00:20 [restartedMain] DEBUG o.s.data.convert.CustomConversions - Adding converter from class java.lang.String to class [B as writing converter
2025-11-14 01:00:20 [restartedMain] DEBUG o.s.data.convert.CustomConversions - Adding converter from class [B to class java.lang.String as reading converter
2025-11-14 01:00:20 [restartedMain] DEBUG o.s.data.convert.CustomConversions - Adding converter from class java.lang.Number to class [B as writing converter
2025-11-14 01:00:20 [restartedMain] DEBUG o.s.data.convert.CustomConversions - Adding converter from class [B to class java.lang.Number as reading converter
2025-11-14 01:00:20 [restartedMain] DEBUG o.s.data.convert.CustomConversions - Adding converter from class java.lang.Enum to class [B as writing converter
2025-11-14 01:00:20 [restartedMain] DEBUG o.s.data.convert.CustomConversions - Adding converter from class [B to class java.lang.Enum as reading converter
2025-11-14 01:00:20 [restartedMain] DEBUG o.s.data.convert.CustomConversions - Adding converter from class java.lang.Boolean to class [B as writing converter
2025-11-14 01:00:20 [restartedMain] DEBUG o.s.data.convert.CustomConversions - Adding converter from class [B to class java.lang.Boolean as reading converter
2025-11-14 01:00:20 [restartedMain] DEBUG o.s.data.convert.CustomConversions - Adding converter from class java.util.Date to class [B as writing converter
2025-11-14 01:00:20 [restartedMain] DEBUG o.s.data.convert.CustomConversions - Adding converter from class [B to class java.util.Date as reading converter
2025-11-14 01:00:20 [restartedMain] DEBUG o.s.data.convert.CustomConversions - Adding converter from class java.util.UUID to class [B as writing converter
2025-11-14 01:00:20 [restartedMain] DEBUG o.s.data.convert.CustomConversions - Adding converter from class [B to class java.util.UUID as reading converter
2025-11-14 01:00:20 [restartedMain] DEBUG o.s.data.convert.CustomConversions - Adding converter from class java.time.LocalDateTime to class [B as reading converter
2025-11-14 01:00:20 [restartedMain] DEBUG o.s.data.convert.CustomConversions - Adding converter from class [B to class java.time.LocalDateTime as reading converter
2025-11-14 01:00:20 [restartedMain] DEBUG o.s.data.convert.CustomConversions - Adding converter from class java.time.LocalDate to class [B as reading converter
2025-11-14 01:00:20 [restartedMain] DEBUG o.s.data.convert.CustomConversions - Adding converter from class [B to class java.time.LocalDate as reading converter
2025-11-14 01:00:20 [restartedMain] DEBUG o.s.data.convert.CustomConversions - Adding converter from class java.time.LocalTime to class [B as reading converter
2025-11-14 01:00:20 [restartedMain] DEBUG o.s.data.convert.CustomConversions - Adding converter from class [B to class java.time.LocalTime as reading converter
2025-11-14 01:00:20 [restartedMain] DEBUG o.s.data.convert.CustomConversions - Adding converter from class java.time.ZonedDateTime to class [B as reading converter
2025-11-14 01:00:20 [restartedMain] DEBUG o.s.data.convert.CustomConversions - Adding converter from class [B to class java.time.ZonedDateTime as reading converter
2025-11-14 01:00:20 [restartedMain] DEBUG o.s.data.convert.CustomConversions - Adding converter from class java.time.Instant to class [B as reading converter
2025-11-14 01:00:20 [restartedMain] DEBUG o.s.data.convert.CustomConversions - Adding converter from class [B to class java.time.Instant as reading converter
2025-11-14 01:00:20 [restartedMain] DEBUG o.s.data.convert.CustomConversions - Adding converter from class java.time.ZoneId to class [B as reading converter
2025-11-14 01:00:20 [restartedMain] DEBUG o.s.data.convert.CustomConversions - Adding converter from class [B to class java.time.ZoneId as reading converter
2025-11-14 01:00:20 [restartedMain] DEBUG o.s.data.convert.CustomConversions - Adding converter from class java.time.Period to class [B as reading converter
2025-11-14 01:00:20 [restartedMain] DEBUG o.s.data.convert.CustomConversions - Adding converter from class [B to class java.time.Period as reading converter
2025-11-14 01:00:20 [restartedMain] DEBUG o.s.data.convert.CustomConversions - Adding converter from class java.time.Duration to class [B as reading converter
2025-11-14 01:00:20 [restartedMain] DEBUG o.s.data.convert.CustomConversions - Adding converter from class [B to class java.time.Duration as reading converter
2025-11-14 01:00:20 [restartedMain] DEBUG o.s.data.convert.CustomConversions - Adding converter from class java.time.OffsetDateTime to class [B as reading converter
2025-11-14 01:00:20 [restartedMain] DEBUG o.s.data.convert.CustomConversions - Adding converter from class [B to class java.time.OffsetDateTime as reading converter
2025-11-14 01:00:20 [restartedMain] DEBUG o.s.data.convert.CustomConversions - Adding converter from class java.time.OffsetTime to class [B as reading converter
2025-11-14 01:00:20 [restartedMain] DEBUG o.s.data.convert.CustomConversions - Adding converter from class [B to class java.time.OffsetTime as reading converter
2025-11-14 01:00:20 [restartedMain] DEBUG o.s.data.convert.CustomConversions - Adding converter from class java.util.Date to class java.time.LocalDateTime as reading converter
2025-11-14 01:00:20 [restartedMain] DEBUG o.s.data.convert.CustomConversions - Adding converter from class java.time.LocalDateTime to class java.util.Date as writing converter
2025-11-14 01:00:20 [restartedMain] DEBUG o.s.data.convert.CustomConversions - Adding converter from class java.util.Date to class java.time.LocalDate as reading converter
2025-11-14 01:00:20 [restartedMain] DEBUG o.s.data.convert.CustomConversions - Adding converter from class java.time.LocalDate to class java.util.Date as writing converter
2025-11-14 01:00:20 [restartedMain] DEBUG o.s.data.convert.CustomConversions - Adding converter from class java.util.Date to class java.time.LocalTime as reading converter
2025-11-14 01:00:20 [restartedMain] DEBUG o.s.data.convert.CustomConversions - Adding converter from class java.time.LocalTime to class java.util.Date as writing converter
2025-11-14 01:00:20 [restartedMain] DEBUG o.s.data.convert.CustomConversions - Adding converter from class java.util.Date to class java.time.Instant as reading converter
2025-11-14 01:00:20 [restartedMain] DEBUG o.s.data.convert.CustomConversions - Adding converter from class java.time.Instant to class java.util.Date as writing converter
2025-11-14 01:00:20 [restartedMain] DEBUG o.s.data.convert.CustomConversions - Adding converter from class java.time.LocalDateTime to class java.time.Instant as reading converter
2025-11-14 01:00:20 [restartedMain] DEBUG o.s.data.convert.CustomConversions - Adding converter from class java.time.Instant to class java.time.LocalDateTime as reading converter
2025-11-14 01:00:20 [restartedMain] DEBUG o.s.data.convert.CustomConversions - Adding converter from class java.time.ZoneId to class java.lang.String as writing converter
2025-11-14 01:00:20 [restartedMain] DEBUG o.s.data.convert.CustomConversions - Adding converter from class java.lang.String to class java.time.ZoneId as reading converter
2025-11-14 01:00:20 [restartedMain] DEBUG o.s.data.convert.CustomConversions - Adding converter from class java.time.Duration to class java.lang.String as writing converter
2025-11-14 01:00:20 [restartedMain] DEBUG o.s.data.convert.CustomConversions - Adding converter from class java.lang.String to class java.time.Duration as reading converter
2025-11-14 01:00:20 [restartedMain] DEBUG o.s.data.convert.CustomConversions - Adding converter from class java.time.Period to class java.lang.String as writing converter
2025-11-14 01:00:20 [restartedMain] DEBUG o.s.data.convert.CustomConversions - Adding converter from class java.lang.String to class java.time.Period as reading converter
2025-11-14 01:00:20 [restartedMain] DEBUG o.s.data.convert.CustomConversions - Adding converter from class java.lang.String to class java.time.LocalDate as reading converter
2025-11-14 01:00:20 [restartedMain] DEBUG o.s.data.convert.CustomConversions - Adding converter from class java.lang.String to class java.time.LocalDateTime as reading converter
2025-11-14 01:00:20 [restartedMain] DEBUG o.s.data.convert.CustomConversions - Adding converter from class java.lang.String to class java.time.Instant as reading converter
2025-11-14 01:00:20 [restartedMain] INFO  o.s.b.d.a.OptionalLiveReloadServer - LiveReload server is running on port 35729
2025-11-14 01:00:21 [restartedMain] INFO  o.s.cloud.commons.util.InetUtils - Cannot determine local hostname
2025-11-14 01:00:21 [restartedMain] INFO  o.s.c.n.e.c.DiscoveryClientOptionalArgsConfiguration - Eureka HTTP Client uses RestTemplate.
2025-11-14 01:00:21 [restartedMain] WARN  o.s.c.l.c.LoadBalancerCacheAutoConfiguration$LoadBalancerCaffeineWarnLogger - Spring Cloud LoadBalancer is currently working with the default cache. While this cache implementation is useful for development and tests, it's recommended to use Caffeine cache in production.You can switch to using Caffeine cache, by adding it and org.springframework.cache.caffeine.CaffeineCacheManager to the classpath.
2025-11-14 01:00:21 [restartedMain] INFO  o.s.c.n.eureka.InstanceInfoFactory - Setting initial instance status as: STARTING
2025-11-14 01:00:21 [restartedMain] INFO  c.netflix.discovery.DiscoveryClient - Initializing Eureka in region us-east-1
2025-11-14 01:00:21 [restartedMain] INFO  c.n.d.s.r.aws.ConfigClusterResolver - Resolving eureka endpoints via configuration
2025-11-14 01:00:21 [restartedMain] INFO  c.netflix.discovery.DiscoveryClient - Disable delta property : false
2025-11-14 01:00:21 [restartedMain] INFO  c.netflix.discovery.DiscoveryClient - Single vip registry refresh property : null
2025-11-14 01:00:21 [restartedMain] INFO  c.netflix.discovery.DiscoveryClient - Force full registry fetch : false
2025-11-14 01:00:21 [restartedMain] INFO  c.netflix.discovery.DiscoveryClient - Application is null : false
2025-11-14 01:00:21 [restartedMain] INFO  c.netflix.discovery.DiscoveryClient - Registered Applications size is zero : true
2025-11-14 01:00:21 [restartedMain] INFO  c.netflix.discovery.DiscoveryClient - Application version is -1: true
2025-11-14 01:00:21 [restartedMain] INFO  c.netflix.discovery.DiscoveryClient - Getting all instance registry info from the eureka server
2025-11-14 01:00:21 [restartedMain] DEBUG o.s.web.client.RestTemplate - HTTP GET http://localhost:8761/eureka/apps/
2025-11-14 01:00:22 [restartedMain] DEBUG o.s.web.client.RestTemplate - Accept=[application/json, application/yaml, application/*+json]
2025-11-14 01:00:22 [restartedMain] DEBUG o.s.web.client.RestTemplate - Response 200 OK
2025-11-14 01:00:22 [restartedMain] DEBUG o.s.web.client.RestTemplate - Reading to [org.springframework.cloud.netflix.eureka.http.EurekaApplications]
2025-11-14 01:00:22 [restartedMain] INFO  c.netflix.discovery.DiscoveryClient - The response status is 200
2025-11-14 01:00:22 [restartedMain] INFO  c.netflix.discovery.DiscoveryClient - Starting heartbeat executor: renew interval is: 30
2025-11-14 01:00:22 [restartedMain] INFO  c.n.discovery.InstanceInfoReplicator - InstanceInfoReplicator onDemand update allowed rate per min is 4
2025-11-14 01:00:22 [restartedMain] INFO  c.netflix.discovery.DiscoveryClient - Discovery Client initialized at timestamp 1763092822205 with initial instances count: 2
2025-11-14 01:00:22 [restartedMain] INFO  o.s.c.n.e.s.EurekaServiceRegistry - Registering application APIREST-SERVICES with eureka with status UP
2025-11-14 01:00:22 [restartedMain] INFO  c.netflix.discovery.DiscoveryClient - Saw local status change event StatusChangeEvent [timestamp=1763092822215, current=UP, previous=STARTING]
2025-11-14 01:00:22 [restartedMain] WARN  c.n.discovery.InstanceInfoReplicator - Ignoring onDemand update due to rate limiter
2025-11-14 01:00:22 [restartedMain] INFO  o.s.b.w.e.tomcat.TomcatWebServer - Tomcat started on port 8083 (http) with context path '/'
2025-11-14 01:00:22 [restartedMain] INFO  o.s.c.n.e.s.EurekaAutoServiceRegistration - Updating port to 8083
2025-11-14 01:00:23 [DiscoveryClient-InstanceInfoReplicator-%d] INFO  c.netflix.discovery.DiscoveryClient - DiscoveryClient_APIREST-SERVICES/apirest-services:8083: registering service...
2025-11-14 01:00:23 [DiscoveryClient-InstanceInfoReplicator-%d] DEBUG o.s.web.client.RestTemplate - HTTP POST http://localhost:8761/eureka/apps/APIREST-SERVICES
2025-11-14 01:00:23 [DiscoveryClient-InstanceInfoReplicator-%d] DEBUG o.s.web.client.RestTemplate - Accept=[application/json, application/yaml, application/*+json]
2025-11-14 01:00:23 [DiscoveryClient-InstanceInfoReplicator-%d] DEBUG o.s.web.client.RestTemplate - Writing [InstanceInfo [instanceId = apirest-services:8083, appName = APIREST-SERVICES, hostName = 127.0.0.1, status = UP, ipAddr = 127.0.0.1, port = 8083, securePort = 443, dataCenterInfo = com.netflix.appinfo.MyDataCenterInfo@24f18729] as "application/json"
2025-11-14 01:00:23 [DiscoveryClient-InstanceInfoReplicator-%d] DEBUG o.s.web.client.RestTemplate - Response 204 NO_CONTENT
2025-11-14 01:00:23 [DiscoveryClient-InstanceInfoReplicator-%d] INFO  c.netflix.discovery.DiscoveryClient - DiscoveryClient_APIREST-SERVICES/apirest-services:8083 - registration status: 204
2025-11-14 01:00:23 [restartedMain] INFO  o.s.cloud.commons.util.InetUtils - Cannot determine local hostname
2025-11-14 01:00:23 [restartedMain] DEBUG o.s.d.r.l.RedisMessageListenerContainer - Starting RedisMessageListenerContainer...
2025-11-14 01:00:23 [restartedMain] DEBUG o.s.d.r.l.RedisMessageListenerContainer - Postpone listening for Redis messages until actual listeners are added
2025-11-14 01:00:23 [restartedMain] INFO  o.e.c.s.ServiceMicroserviceApplication - Started ServiceMicroserviceApplication in 19.729 seconds (process running for 21.715)
2025-11-14 01:00:23 [restartedMain] INFO  o.e.c.s.ServiceMicroserviceApplication - ========================================
2025-11-14 01:00:23 [restartedMain] INFO  o.e.c.s.ServiceMicroserviceApplication - Service Microservice Started Successfully!
2025-11-14 01:00:23 [restartedMain] INFO  o.e.c.s.ServiceMicroserviceApplication - Swagger UI: http://localhost:8083/swagger-ui.html
2025-11-14 01:00:23 [restartedMain] INFO  o.e.c.s.ServiceMicroserviceApplication - API Docs: http://localhost:8083/api-docs
2025-11-14 01:00:23 [restartedMain] INFO  o.e.c.s.ServiceMicroserviceApplication - ========================================
2025-11-14 01:00:52 [DiscoveryClient-CacheRefreshExecutor-%d] DEBUG o.s.web.client.RestTemplate - HTTP GET http://localhost:8761/eureka/apps/delta
2025-11-14 01:00:52 [DiscoveryClient-HeartbeatExecutor-%d] DEBUG o.s.web.client.RestTemplate - HTTP PUT http://localhost:8761/eureka/apps/APIREST-SERVICES/apirest-services:8083?status=UP&lastDirtyTimestamp=1763092822214
2025-11-14 01:00:52 [DiscoveryClient-CacheRefreshExecutor-%d] DEBUG o.s.web.client.RestTemplate - Accept=[application/json, application/yaml, application/*+json]
2025-11-14 01:00:52 [DiscoveryClient-HeartbeatExecutor-%d] DEBUG o.s.web.client.RestTemplate - Accept=[application/json, application/yaml, application/*+json]
2025-11-14 01:00:52 [DiscoveryClient-CacheRefreshExecutor-%d] DEBUG o.s.web.client.RestTemplate - Response 200 OK
2025-11-14 01:00:52 [DiscoveryClient-CacheRefreshExecutor-%d] DEBUG o.s.web.client.RestTemplate - Reading to [org.springframework.cloud.netflix.eureka.http.EurekaApplications]
2025-11-14 01:00:52 [DiscoveryClient-HeartbeatExecutor-%d] DEBUG o.s.web.client.RestTemplate - Response 200 OK
2025-11-14 01:01:22 [DiscoveryClient-CacheRefreshExecutor-%d] DEBUG o.s.web.client.RestTemplate - HTTP GET http://localhost:8761/eureka/apps/delta
2025-11-14 01:01:22 [DiscoveryClient-HeartbeatExecutor-%d] DEBUG o.s.web.client.RestTemplate - HTTP PUT http://localhost:8761/eureka/apps/APIREST-SERVICES/apirest-services:8083?status=UP&lastDirtyTimestamp=1763092822214
2025-11-14 01:01:22 [DiscoveryClient-CacheRefreshExecutor-%d] DEBUG o.s.web.client.RestTemplate - Accept=[application/json, application/yaml, application/*+json]
2025-11-14 01:01:22 [DiscoveryClient-HeartbeatExecutor-%d] DEBUG o.s.web.client.RestTemplate - Accept=[application/json, application/yaml, application/*+json]
2025-11-14 01:01:22 [DiscoveryClient-CacheRefreshExecutor-%d] DEBUG o.s.web.client.RestTemplate - Response 200 OK
2025-11-14 01:01:22 [DiscoveryClient-HeartbeatExecutor-%d] DEBUG o.s.web.client.RestTemplate - Response 200 OK
2025-11-14 01:01:22 [DiscoveryClient-CacheRefreshExecutor-%d] DEBUG o.s.web.client.RestTemplate - Reading to [org.springframework.cloud.netflix.eureka.http.EurekaApplications]
2025-11-14 01:01:52 [DiscoveryClient-CacheRefreshExecutor-%d] DEBUG o.s.web.client.RestTemplate - HTTP GET http://localhost:8761/eureka/apps/delta
2025-11-14 01:01:52 [DiscoveryClient-HeartbeatExecutor-%d] DEBUG o.s.web.client.RestTemplate - HTTP PUT http://localhost:8761/eureka/apps/APIREST-SERVICES/apirest-services:8083?status=UP&lastDirtyTimestamp=1763092822214
2025-11-14 01:01:52 [DiscoveryClient-CacheRefreshExecutor-%d] DEBUG o.s.web.client.RestTemplate - Accept=[application/json, application/yaml, application/*+json]
2025-11-14 01:01:52 [DiscoveryClient-HeartbeatExecutor-%d] DEBUG o.s.web.client.RestTemplate - Accept=[application/json, application/yaml, application/*+json]
2025-11-14 01:01:52 [DiscoveryClient-HeartbeatExecutor-%d] DEBUG o.s.web.client.RestTemplate - Response 200 OK
2025-11-14 01:01:52 [DiscoveryClient-CacheRefreshExecutor-%d] DEBUG o.s.web.client.RestTemplate - Response 200 OK
2025-11-14 01:01:52 [DiscoveryClient-CacheRefreshExecutor-%d] DEBUG o.s.web.client.RestTemplate - Reading to [org.springframework.cloud.netflix.eureka.http.EurekaApplications]
2025-11-14 01:02:22 [DiscoveryClient-CacheRefreshExecutor-%d] DEBUG o.s.web.client.RestTemplate - HTTP GET http://localhost:8761/eureka/apps/delta
2025-11-14 01:02:22 [DiscoveryClient-HeartbeatExecutor-%d] DEBUG o.s.web.client.RestTemplate - HTTP PUT http://localhost:8761/eureka/apps/APIREST-SERVICES/apirest-services:8083?status=UP&lastDirtyTimestamp=1763092822214
2025-11-14 01:02:22 [DiscoveryClient-HeartbeatExecutor-%d] DEBUG o.s.web.client.RestTemplate - Accept=[application/json, application/yaml, application/*+json]
2025-11-14 01:02:22 [DiscoveryClient-CacheRefreshExecutor-%d] DEBUG o.s.web.client.RestTemplate - Accept=[application/json, application/yaml, application/*+json]
2025-11-14 01:02:22 [DiscoveryClient-CacheRefreshExecutor-%d] DEBUG o.s.web.client.RestTemplate - Response 200 OK
2025-11-14 01:02:22 [DiscoveryClient-HeartbeatExecutor-%d] DEBUG o.s.web.client.RestTemplate - Response 200 OK
2025-11-14 01:02:22 [DiscoveryClient-CacheRefreshExecutor-%d] DEBUG o.s.web.client.RestTemplate - Reading to [org.springframework.cloud.netflix.eureka.http.EurekaApplications]
2025-11-14 01:02:52 [DiscoveryClient-HeartbeatExecutor-%d] DEBUG o.s.web.client.RestTemplate - HTTP PUT http://localhost:8761/eureka/apps/APIREST-SERVICES/apirest-services:8083?status=UP&lastDirtyTimestamp=1763092822214
2025-11-14 01:02:52 [DiscoveryClient-HeartbeatExecutor-%d] DEBUG o.s.web.client.RestTemplate - Accept=[application/json, application/yaml, application/*+json]
2025-11-14 01:02:52 [DiscoveryClient-CacheRefreshExecutor-%d] DEBUG o.s.web.client.RestTemplate - HTTP GET http://localhost:8761/eureka/apps/delta
2025-11-14 01:02:52 [DiscoveryClient-CacheRefreshExecutor-%d] DEBUG o.s.web.client.RestTemplate - Accept=[application/json, application/yaml, application/*+json]
2025-11-14 01:02:52 [DiscoveryClient-HeartbeatExecutor-%d] DEBUG o.s.web.client.RestTemplate - Response 200 OK
2025-11-14 01:02:52 [DiscoveryClient-CacheRefreshExecutor-%d] DEBUG o.s.web.client.RestTemplate - Response 200 OK
2025-11-14 01:02:52 [DiscoveryClient-CacheRefreshExecutor-%d] DEBUG o.s.web.client.RestTemplate - Reading to [org.springframework.cloud.netflix.eureka.http.EurekaApplications]
2025-11-14 01:03:22 [DiscoveryClient-HeartbeatExecutor-%d] DEBUG o.s.web.client.RestTemplate - HTTP PUT http://localhost:8761/eureka/apps/APIREST-SERVICES/apirest-services:8083?status=UP&lastDirtyTimestamp=1763092822214
2025-11-14 01:03:22 [DiscoveryClient-HeartbeatExecutor-%d] DEBUG o.s.web.client.RestTemplate - Accept=[application/json, application/yaml, application/*+json]
2025-11-14 01:03:22 [DiscoveryClient-HeartbeatExecutor-%d] DEBUG o.s.web.client.RestTemplate - Response 200 OK
2025-11-14 01:03:22 [DiscoveryClient-CacheRefreshExecutor-%d] DEBUG o.s.web.client.RestTemplate - HTTP GET http://localhost:8761/eureka/apps/delta
2025-11-14 01:03:22 [DiscoveryClient-CacheRefreshExecutor-%d] DEBUG o.s.web.client.RestTemplate - Accept=[application/json, application/yaml, application/*+json]
2025-11-14 01:03:22 [DiscoveryClient-CacheRefreshExecutor-%d] DEBUG o.s.web.client.RestTemplate - Response 200 OK
2025-11-14 01:03:22 [DiscoveryClient-CacheRefreshExecutor-%d] DEBUG o.s.web.client.RestTemplate - Reading to [org.springframework.cloud.netflix.eureka.http.EurekaApplications]
2025-11-14 01:03:52 [DiscoveryClient-HeartbeatExecutor-%d] DEBUG o.s.web.client.RestTemplate - HTTP PUT http://localhost:8761/eureka/apps/APIREST-SERVICES/apirest-services:8083?status=UP&lastDirtyTimestamp=1763092822214
2025-11-14 01:03:52 [DiscoveryClient-HeartbeatExecutor-%d] DEBUG o.s.web.client.RestTemplate - Accept=[application/json, application/yaml, application/*+json]
2025-11-14 01:03:52 [DiscoveryClient-HeartbeatExecutor-%d] DEBUG o.s.web.client.RestTemplate - Response 200 OK
2025-11-14 01:03:52 [DiscoveryClient-CacheRefreshExecutor-%d] DEBUG o.s.web.client.RestTemplate - HTTP GET http://localhost:8761/eureka/apps/delta
2025-11-14 01:03:52 [DiscoveryClient-CacheRefreshExecutor-%d] DEBUG o.s.web.client.RestTemplate - Accept=[application/json, application/yaml, application/*+json]
2025-11-14 01:03:52 [DiscoveryClient-CacheRefreshExecutor-%d] DEBUG o.s.web.client.RestTemplate - Response 200 OK
2025-11-14 01:03:52 [DiscoveryClient-CacheRefreshExecutor-%d] DEBUG o.s.web.client.RestTemplate - Reading to [org.springframework.cloud.netflix.eureka.http.EurekaApplications]
2025-11-14 01:04:10 [http-nio-8083-exec-1] INFO  o.a.c.c.C.[Tomcat].[localhost].[/] - Initializing Spring DispatcherServlet 'dispatcherServlet'
2025-11-14 01:04:10 [http-nio-8083-exec-1] INFO  o.s.web.servlet.DispatcherServlet - Initializing Servlet 'dispatcherServlet'
2025-11-14 01:04:10 [http-nio-8083-exec-1] DEBUG o.s.web.servlet.DispatcherServlet - Detected StandardServletMultipartResolver
2025-11-14 01:04:10 [http-nio-8083-exec-1] DEBUG o.s.web.servlet.DispatcherServlet - Detected AcceptHeaderLocaleResolver
2025-11-14 01:04:10 [http-nio-8083-exec-1] DEBUG o.s.web.servlet.DispatcherServlet - Detected FixedThemeResolver
2025-11-14 01:04:10 [http-nio-8083-exec-1] DEBUG o.s.web.servlet.DispatcherServlet - Detected org.springframework.web.servlet.view.DefaultRequestToViewNameTranslator@1d553fa8
2025-11-14 01:04:10 [http-nio-8083-exec-1] DEBUG o.s.web.servlet.DispatcherServlet - Detected org.springframework.web.servlet.support.SessionFlashMapManager@5791924a
2025-11-14 01:04:10 [http-nio-8083-exec-1] DEBUG o.s.web.servlet.DispatcherServlet - enableLoggingRequestDetails='false': request parameters and headers will be masked to prevent unsafe logging of potentially sensitive data
2025-11-14 01:04:10 [http-nio-8083-exec-1] INFO  o.s.web.servlet.DispatcherServlet - Completed initialization in 4 ms
2025-11-14 01:04:10 [http-nio-8083-exec-1] DEBUG o.s.web.servlet.DispatcherServlet - GET "/services", parameters={}
2025-11-14 01:04:10 [http-nio-8083-exec-1] DEBUG o.s.w.s.m.m.a.RequestMappingHandlerMapping - Mapped to org.example.cuidadodemascotas.servicemicroservice.apis.controller.ServiceController#getServices(Long, Long, Double, Double, Integer, Integer)
2025-11-14 01:04:10 [http-nio-8083-exec-1] INFO  o.e.c.s.a.c.ServiceController - GET /services - Filters: carerId=null, typeId=null, price=null-null, page=0, size=10
2025-11-14 01:04:10 [http-nio-8083-exec-1] DEBUG o.e.c.s.apis.service.ServiceService - Filtering services - carerId: null, typeId: null, price: null-null
2025-11-14 01:04:11 [http-nio-8083-exec-1] DEBUG org.hibernate.SQL - 
    select
        s1_0.id_service,
        s1_0.active,
        s1_0.fk_carer,
        s1_0.created_at,
        s1_0.description,
        s1_0.price,
        s1_0.fk_service_type,
        s1_0.updated_at 
    from
        public.services s1_0 
    where
        s1_0.active=true 
    order by
        s1_0.id_service desc 
    fetch
        first ? rows only
2025-11-14 01:04:11 [http-nio-8083-exec-1] INFO  o.e.c.s.apis.service.ServiceService - Servicio cacheado con ID: 12
2025-11-14 01:04:11 [http-nio-8083-exec-1] INFO  o.e.c.s.apis.service.ServiceService - Servicio cacheado con ID: 8
2025-11-14 01:04:11 [http-nio-8083-exec-1] INFO  o.e.c.s.apis.service.ServiceService - Servicio cacheado con ID: 7
2025-11-14 01:04:11 [http-nio-8083-exec-1] INFO  o.e.c.s.apis.service.ServiceService - Servicio cacheado con ID: 6
2025-11-14 01:04:11 [http-nio-8083-exec-1] INFO  o.e.c.s.apis.service.ServiceService - Servicio cacheado con ID: 5
2025-11-14 01:04:11 [http-nio-8083-exec-1] INFO  o.e.c.s.apis.service.ServiceService - Servicio cacheado con ID: 4
2025-11-14 01:04:11 [http-nio-8083-exec-1] INFO  o.e.c.s.apis.service.ServiceService - Servicio cacheado con ID: 3
2025-11-14 01:04:11 [http-nio-8083-exec-1] INFO  o.e.c.s.apis.service.ServiceService - Servicio cacheado con ID: 2
2025-11-14 01:04:11 [http-nio-8083-exec-1] INFO  o.e.c.s.apis.service.ServiceService - Servicio cacheado con ID: 1
2025-11-14 01:04:11 [http-nio-8083-exec-1] INFO  o.e.c.s.apis.service.ServiceService - Todos los servicios cacheados.
2025-11-14 01:04:12 [http-nio-8083-exec-1] DEBUG o.s.w.s.m.m.a.HttpEntityMethodProcessor - Using 'application/json', given [*/*] and supported [application/json]
2025-11-14 01:04:12 [http-nio-8083-exec-1] DEBUG o.s.w.s.m.m.a.HttpEntityMethodProcessor - Writing [class ServicePageResponse {<EOL>    content: [class ServiceResponseDTO {<EOL>        id: 12<EOL>        carerId: (truncated)...]
2025-11-14 01:04:12 [http-nio-8083-exec-1] DEBUG o.s.web.servlet.DispatcherServlet - Completed 200 OK
2025-11-14 01:04:22 [DiscoveryClient-HeartbeatExecutor-%d] DEBUG o.s.web.client.RestTemplate - HTTP PUT http://localhost:8761/eureka/apps/APIREST-SERVICES/apirest-services:8083?status=UP&lastDirtyTimestamp=1763092822214
2025-11-14 01:04:22 [DiscoveryClient-HeartbeatExecutor-%d] DEBUG o.s.web.client.RestTemplate - Accept=[application/json, application/yaml, application/*+json]
2025-11-14 01:04:22 [DiscoveryClient-CacheRefreshExecutor-%d] DEBUG o.s.web.client.RestTemplate - HTTP GET http://localhost:8761/eureka/apps/delta
2025-11-14 01:04:22 [DiscoveryClient-CacheRefreshExecutor-%d] DEBUG o.s.web.client.RestTemplate - Accept=[application/json, application/yaml, application/*+json]
2025-11-14 01:04:22 [DiscoveryClient-HeartbeatExecutor-%d] DEBUG o.s.web.client.RestTemplate - Response 200 OK
2025-11-14 01:04:22 [DiscoveryClient-CacheRefreshExecutor-%d] DEBUG o.s.web.client.RestTemplate - Response 200 OK
2025-11-14 01:04:22 [DiscoveryClient-CacheRefreshExecutor-%d] DEBUG o.s.web.client.RestTemplate - Reading to [org.springframework.cloud.netflix.eureka.http.EurekaApplications]
2025-11-14 01:04:52 [DiscoveryClient-HeartbeatExecutor-%d] DEBUG o.s.web.client.RestTemplate - HTTP PUT http://localhost:8761/eureka/apps/APIREST-SERVICES/apirest-services:8083?status=UP&lastDirtyTimestamp=1763092822214
2025-11-14 01:04:52 [DiscoveryClient-HeartbeatExecutor-%d] DEBUG o.s.web.client.RestTemplate - Accept=[application/json, application/yaml, application/*+json]
2025-11-14 01:04:52 [DiscoveryClient-HeartbeatExecutor-%d] DEBUG o.s.web.client.RestTemplate - Response 200 OK
2025-11-14 01:04:52 [DiscoveryClient-CacheRefreshExecutor-%d] DEBUG o.s.web.client.RestTemplate - HTTP GET http://localhost:8761/eureka/apps/delta
2025-11-14 01:04:52 [DiscoveryClient-CacheRefreshExecutor-%d] DEBUG o.s.web.client.RestTemplate - Accept=[application/json, application/yaml, application/*+json]
2025-11-14 01:04:52 [DiscoveryClient-CacheRefreshExecutor-%d] DEBUG o.s.web.client.RestTemplate - Response 200 OK
2025-11-14 01:04:52 [DiscoveryClient-CacheRefreshExecutor-%d] DEBUG o.s.web.client.RestTemplate - Reading to [org.springframework.cloud.netflix.eureka.http.EurekaApplications]
2025-11-14 01:05:21 [AsyncResolver-bootstrap-executor-%d] INFO  c.n.d.s.r.aws.ConfigClusterResolver - Resolving eureka endpoints via configuration
2025-11-14 01:05:22 [DiscoveryClient-HeartbeatExecutor-%d] DEBUG o.s.web.client.RestTemplate - HTTP PUT http://localhost:8761/eureka/apps/APIREST-SERVICES/apirest-services:8083?status=UP&lastDirtyTimestamp=1763092822214
2025-11-14 01:05:22 [DiscoveryClient-HeartbeatExecutor-%d] DEBUG o.s.web.client.RestTemplate - Accept=[application/json, application/yaml, application/*+json]
2025-11-14 01:05:22 [DiscoveryClient-CacheRefreshExecutor-%d] DEBUG o.s.web.client.RestTemplate - HTTP GET http://localhost:8761/eureka/apps/delta
2025-11-14 01:05:22 [DiscoveryClient-CacheRefreshExecutor-%d] DEBUG o.s.web.client.RestTemplate - Accept=[application/json, application/yaml, application/*+json]
2025-11-14 01:05:22 [DiscoveryClient-HeartbeatExecutor-%d] DEBUG o.s.web.client.RestTemplate - Response 200 OK
2025-11-14 01:05:22 [DiscoveryClient-CacheRefreshExecutor-%d] DEBUG o.s.web.client.RestTemplate - Response 200 OK
2025-11-14 01:05:22 [DiscoveryClient-CacheRefreshExecutor-%d] DEBUG o.s.web.client.RestTemplate - Reading to [org.springframework.cloud.netflix.eureka.http.EurekaApplications]
2025-11-14 01:05:32 [http-nio-8083-exec-3] DEBUG o.s.web.servlet.DispatcherServlet - GET "/services", parameters={}
2025-11-14 01:05:32 [http-nio-8083-exec-3] DEBUG o.s.w.s.m.m.a.RequestMappingHandlerMapping - Mapped to org.example.cuidadodemascotas.servicemicroservice.apis.controller.ServiceController#getServices(Long, Long, Double, Double, Integer, Integer)
2025-11-14 01:05:32 [http-nio-8083-exec-3] INFO  o.e.c.s.a.c.ServiceController - GET /services - Filters: carerId=null, typeId=null, price=null-null, page=0, size=10
2025-11-14 01:05:32 [http-nio-8083-exec-3] DEBUG o.e.c.s.apis.service.ServiceService - Filtering services - carerId: null, typeId: null, price: null-null
2025-11-14 01:05:32 [http-nio-8083-exec-3] DEBUG org.hibernate.SQL - 
    select
        s1_0.id_service,
        s1_0.active,
        s1_0.fk_carer,
        s1_0.created_at,
        s1_0.description,
        s1_0.price,
        s1_0.fk_service_type,
        s1_0.updated_at 
    from
        public.services s1_0 
    where
        s1_0.active=true 
    order by
        s1_0.id_service desc 
    fetch
        first ? rows only
2025-11-14 01:05:32 [http-nio-8083-exec-3] INFO  o.e.c.s.apis.service.ServiceService - Servicio cacheado con ID: 12
2025-11-14 01:05:32 [http-nio-8083-exec-3] INFO  o.e.c.s.apis.service.ServiceService - Servicio cacheado con ID: 8
2025-11-14 01:05:32 [http-nio-8083-exec-3] INFO  o.e.c.s.apis.service.ServiceService - Servicio cacheado con ID: 7
2025-11-14 01:05:32 [http-nio-8083-exec-3] INFO  o.e.c.s.apis.service.ServiceService - Servicio cacheado con ID: 6
2025-11-14 01:05:32 [http-nio-8083-exec-3] INFO  o.e.c.s.apis.service.ServiceService - Servicio cacheado con ID: 5
2025-11-14 01:05:32 [http-nio-8083-exec-3] INFO  o.e.c.s.apis.service.ServiceService - Servicio cacheado con ID: 4
2025-11-14 01:05:32 [http-nio-8083-exec-3] INFO  o.e.c.s.apis.service.ServiceService - Servicio cacheado con ID: 3
2025-11-14 01:05:32 [http-nio-8083-exec-3] INFO  o.e.c.s.apis.service.ServiceService - Servicio cacheado con ID: 2
2025-11-14 01:05:32 [http-nio-8083-exec-3] INFO  o.e.c.s.apis.service.ServiceService - Servicio cacheado con ID: 1
2025-11-14 01:05:32 [http-nio-8083-exec-3] INFO  o.e.c.s.apis.service.ServiceService - Todos los servicios cacheados.
2025-11-14 01:05:32 [http-nio-8083-exec-3] DEBUG o.s.w.s.m.m.a.HttpEntityMethodProcessor - Using 'application/json', given [*/*] and supported [application/json]
2025-11-14 01:05:32 [http-nio-8083-exec-3] DEBUG o.s.w.s.m.m.a.HttpEntityMethodProcessor - Writing [class ServicePageResponse {<EOL>    content: [class ServiceResponseDTO {<EOL>        id: 12<EOL>        carerId: (truncated)...]
2025-11-14 01:05:32 [http-nio-8083-exec-3] DEBUG o.s.web.servlet.DispatcherServlet - Completed 200 OK
2025-11-14 01:05:52 [DiscoveryClient-HeartbeatExecutor-%d] DEBUG o.s.web.client.RestTemplate - HTTP PUT http://localhost:8761/eureka/apps/APIREST-SERVICES/apirest-services:8083?status=UP&lastDirtyTimestamp=1763092822214
2025-11-14 01:05:52 [DiscoveryClient-HeartbeatExecutor-%d] DEBUG o.s.web.client.RestTemplate - Accept=[application/json, application/yaml, application/*+json]
2025-11-14 01:05:52 [DiscoveryClient-CacheRefreshExecutor-%d] DEBUG o.s.web.client.RestTemplate - HTTP GET http://localhost:8761/eureka/apps/delta
2025-11-14 01:05:52 [DiscoveryClient-CacheRefreshExecutor-%d] DEBUG o.s.web.client.RestTemplate - Accept=[application/json, application/yaml, application/*+json]
2025-11-14 01:05:52 [DiscoveryClient-HeartbeatExecutor-%d] DEBUG o.s.web.client.RestTemplate - Response 200 OK
2025-11-14 01:05:52 [DiscoveryClient-CacheRefreshExecutor-%d] DEBUG o.s.web.client.RestTemplate - Response 200 OK
2025-11-14 01:05:52 [DiscoveryClient-CacheRefreshExecutor-%d] DEBUG o.s.web.client.RestTemplate - Reading to [org.springframework.cloud.netflix.eureka.http.EurekaApplications]
2025-11-14 01:06:22 [DiscoveryClient-HeartbeatExecutor-%d] DEBUG o.s.web.client.RestTemplate - HTTP PUT http://localhost:8761/eureka/apps/APIREST-SERVICES/apirest-services:8083?status=UP&lastDirtyTimestamp=1763092822214
2025-11-14 01:06:22 [DiscoveryClient-CacheRefreshExecutor-%d] DEBUG o.s.web.client.RestTemplate - HTTP GET http://localhost:8761/eureka/apps/delta
2025-11-14 01:06:22 [DiscoveryClient-HeartbeatExecutor-%d] DEBUG o.s.web.client.RestTemplate - Accept=[application/json, application/yaml, application/*+json]
2025-11-14 01:06:22 [DiscoveryClient-CacheRefreshExecutor-%d] DEBUG o.s.web.client.RestTemplate - Accept=[application/json, application/yaml, application/*+json]
2025-11-14 01:06:22 [DiscoveryClient-HeartbeatExecutor-%d] DEBUG o.s.web.client.RestTemplate - Response 200 OK
2025-11-14 01:06:22 [DiscoveryClient-CacheRefreshExecutor-%d] DEBUG o.s.web.client.RestTemplate - Response 200 OK
2025-11-14 01:06:22 [DiscoveryClient-CacheRefreshExecutor-%d] DEBUG o.s.web.client.RestTemplate - Reading to [org.springframework.cloud.netflix.eureka.http.EurekaApplications]
2025-11-14 01:06:27 [http-nio-8083-exec-4] DEBUG o.s.web.servlet.DispatcherServlet - GET "/service-types", parameters={}
2025-11-14 01:06:27 [http-nio-8083-exec-4] DEBUG o.s.w.s.m.m.a.RequestMappingHandlerMapping - Mapped to org.example.cuidadodemascotas.servicemicroservice.apis.controller.ServiceTypeController#getServiceTypes(Integer, Integer)
2025-11-14 01:06:27 [http-nio-8083-exec-4] INFO  o.e.c.s.a.c.ServiceTypeController - GET /service-types - Getting service types (page: 0, size: 20)
2025-11-14 01:06:27 [http-nio-8083-exec-4] DEBUG o.e.c.s.a.service.ServiceTypeService - Finding all service types (page: 0, size: 20, sort: null)
2025-11-14 01:06:27 [http-nio-8083-exec-4] DEBUG org.hibernate.SQL - 
    select
        st1_0.id_service_type,
        st1_0.name 
    from
        public.service_types st1_0 
    order by
        st1_0.name 
    offset
        ? rows 
    fetch
        first ? rows only
2025-11-14 01:06:27 [http-nio-8083-exec-4] INFO  o.e.c.s.a.service.ServiceTypeService - Tipo de servicio cacheado con ID: 3
2025-11-14 01:06:27 [http-nio-8083-exec-4] INFO  o.e.c.s.a.service.ServiceTypeService - Tipo de servicio cacheado con ID: 2
2025-11-14 01:06:27 [http-nio-8083-exec-4] INFO  o.e.c.s.a.service.ServiceTypeService - Tipo de servicio cacheado con ID: 5
2025-11-14 01:06:27 [http-nio-8083-exec-4] INFO  o.e.c.s.a.service.ServiceTypeService - Tipo de servicio cacheado con ID: 4
2025-11-14 01:06:27 [http-nio-8083-exec-4] INFO  o.e.c.s.a.service.ServiceTypeService - Tipo de servicio cacheado con ID: 1
2025-11-14 01:06:27 [http-nio-8083-exec-4] INFO  o.e.c.s.a.service.ServiceTypeService - Tipo de servicio cacheado con ID: 6
2025-11-14 01:06:27 [http-nio-8083-exec-4] INFO  o.e.c.s.a.service.ServiceTypeService - Todos los tipos de servicio cacheados.
2025-11-14 01:06:27 [http-nio-8083-exec-4] DEBUG o.e.c.s.a.c.ServiceTypeController - Returning 6 service types
2025-11-14 01:06:27 [http-nio-8083-exec-4] DEBUG o.s.w.s.m.m.a.HttpEntityMethodProcessor - Using 'application/json', given [*/*] and supported [application/json]
2025-11-14 01:06:28 [http-nio-8083-exec-4] DEBUG o.s.w.s.m.m.a.HttpEntityMethodProcessor - Writing [class ServiceTypePageResponse {<EOL>    content: [class ServiceTypeResponseDTO {<EOL>        id: 3<EOL>        n (truncated)...]
2025-11-14 01:06:28 [http-nio-8083-exec-4] DEBUG o.s.web.servlet.DispatcherServlet - Completed 200 OK
2025-11-14 01:06:52 [DiscoveryClient-CacheRefreshExecutor-%d] DEBUG o.s.web.client.RestTemplate - HTTP GET http://localhost:8761/eureka/apps/delta
2025-11-14 01:06:52 [DiscoveryClient-HeartbeatExecutor-%d] DEBUG o.s.web.client.RestTemplate - HTTP PUT http://localhost:8761/eureka/apps/APIREST-SERVICES/apirest-services:8083?status=UP&lastDirtyTimestamp=1763092822214
2025-11-14 01:06:52 [DiscoveryClient-HeartbeatExecutor-%d] DEBUG o.s.web.client.RestTemplate - Accept=[application/json, application/yaml, application/*+json]
2025-11-14 01:06:52 [DiscoveryClient-CacheRefreshExecutor-%d] DEBUG o.s.web.client.RestTemplate - Accept=[application/json, application/yaml, application/*+json]
2025-11-14 01:06:52 [DiscoveryClient-HeartbeatExecutor-%d] DEBUG o.s.web.client.RestTemplate - Response 200 OK
2025-11-14 01:06:52 [DiscoveryClient-CacheRefreshExecutor-%d] DEBUG o.s.web.client.RestTemplate - Response 200 OK
2025-11-14 01:06:52 [DiscoveryClient-CacheRefreshExecutor-%d] DEBUG o.s.web.client.RestTemplate - Reading to [org.springframework.cloud.netflix.eureka.http.EurekaApplications]
2025-11-14 01:07:16 [http-nio-8083-exec-5] DEBUG o.s.web.servlet.DispatcherServlet - GET "/service-types/1", parameters={}
2025-11-14 01:07:16 [http-nio-8083-exec-5] DEBUG o.s.w.s.m.m.a.RequestMappingHandlerMapping - Mapped to org.example.cuidadodemascotas.servicemicroservice.apis.controller.ServiceTypeController#getServiceTypeById(Long)
2025-11-14 01:07:16 [http-nio-8083-exec-5] INFO  o.e.c.s.a.c.ServiceTypeController - GET /service-types/1 - Getting service type by id
2025-11-14 01:07:16 [http-nio-8083-exec-5] DEBUG o.s.w.s.m.m.a.HttpEntityMethodProcessor - Using 'application/json', given [*/*] and supported [application/json]
2025-11-14 01:07:16 [http-nio-8083-exec-5] DEBUG o.s.w.s.m.m.a.HttpEntityMethodProcessor - Writing [class ServiceTypeResponseDTO {<EOL>    id: 1<EOL>    name: Paseo de mascotas<EOL>}]
2025-11-14 01:07:16 [http-nio-8083-exec-5] DEBUG o.s.web.servlet.DispatcherServlet - Completed 200 OK
2025-11-14 01:07:22 [DiscoveryClient-HeartbeatExecutor-%d] DEBUG o.s.web.client.RestTemplate - HTTP PUT http://localhost:8761/eureka/apps/APIREST-SERVICES/apirest-services:8083?status=UP&lastDirtyTimestamp=1763092822214
2025-11-14 01:07:22 [DiscoveryClient-HeartbeatExecutor-%d] DEBUG o.s.web.client.RestTemplate - Accept=[application/json, application/yaml, application/*+json]
2025-11-14 01:07:22 [DiscoveryClient-CacheRefreshExecutor-%d] DEBUG o.s.web.client.RestTemplate - HTTP GET http://localhost:8761/eureka/apps/delta
2025-11-14 01:07:22 [DiscoveryClient-CacheRefreshExecutor-%d] DEBUG o.s.web.client.RestTemplate - Accept=[application/json, application/yaml, application/*+json]
2025-11-14 01:07:22 [DiscoveryClient-HeartbeatExecutor-%d] DEBUG o.s.web.client.RestTemplate - Response 200 OK
2025-11-14 01:07:22 [DiscoveryClient-CacheRefreshExecutor-%d] DEBUG o.s.web.client.RestTemplate - Response 200 OK
2025-11-14 01:07:22 [DiscoveryClient-CacheRefreshExecutor-%d] DEBUG o.s.web.client.RestTemplate - Reading to [org.springframework.cloud.netflix.eureka.http.EurekaApplications]
2025-11-14 01:07:30 [http-nio-8083-exec-6] DEBUG o.s.web.servlet.DispatcherServlet - GET "/services/1", parameters={}
2025-11-14 01:07:30 [http-nio-8083-exec-6] DEBUG o.s.w.s.m.m.a.RequestMappingHandlerMapping - Mapped to org.example.cuidadodemascotas.servicemicroservice.apis.controller.ServiceController#getServiceById(Long)
2025-11-14 01:07:30 [http-nio-8083-exec-6] INFO  o.e.c.s.a.c.ServiceController - GET /services/1
2025-11-14 01:07:30 [http-nio-8083-exec-6] DEBUG o.s.w.s.m.m.a.HttpEntityMethodProcessor - Using 'application/json', given [*/*] and supported [application/json]
2025-11-14 01:07:30 [http-nio-8083-exec-6] DEBUG o.s.w.s.m.m.a.HttpEntityMethodProcessor - Writing [class ServiceResponseDTO {<EOL>    id: 1<EOL>    carerId: 7<EOL>    serviceTypeId: 1<EOL>    description: Paseo por  (truncated)...]
2025-11-14 01:07:30 [http-nio-8083-exec-6] DEBUG o.s.web.servlet.DispatcherServlet - Completed 200 OK
2025-11-14 01:07:46 [http-nio-8083-exec-7] DEBUG o.s.web.servlet.DispatcherServlet - GET "/services/12", parameters={}
2025-11-14 01:07:46 [http-nio-8083-exec-7] DEBUG o.s.w.s.m.m.a.RequestMappingHandlerMapping - Mapped to org.example.cuidadodemascotas.servicemicroservice.apis.controller.ServiceController#getServiceById(Long)
2025-11-14 01:07:46 [http-nio-8083-exec-7] INFO  o.e.c.s.a.c.ServiceController - GET /services/12
2025-11-14 01:07:46 [http-nio-8083-exec-7] DEBUG o.s.w.s.m.m.a.HttpEntityMethodProcessor - Using 'application/json', given [*/*] and supported [application/json]
2025-11-14 01:07:46 [http-nio-8083-exec-7] DEBUG o.s.w.s.m.m.a.HttpEntityMethodProcessor - Writing [class ServiceResponseDTO {<EOL>    id: 12<EOL>    carerId: 18<EOL>    serviceTypeId: 2<EOL>    description: null<EOL>    (truncated)...]
2025-11-14 01:07:46 [http-nio-8083-exec-7] DEBUG o.s.web.servlet.DispatcherServlet - Completed 200 OK
2025-11-14 01:07:52 [DiscoveryClient-HeartbeatExecutor-%d] DEBUG o.s.web.client.RestTemplate - HTTP PUT http://localhost:8761/eureka/apps/APIREST-SERVICES/apirest-services:8083?status=UP&lastDirtyTimestamp=1763092822214
2025-11-14 01:07:52 [DiscoveryClient-HeartbeatExecutor-%d] DEBUG o.s.web.client.RestTemplate - Accept=[application/json, application/yaml, application/*+json]
2025-11-14 01:07:52 [DiscoveryClient-CacheRefreshExecutor-%d] DEBUG o.s.web.client.RestTemplate - HTTP GET http://localhost:8761/eureka/apps/delta
2025-11-14 01:07:52 [DiscoveryClient-CacheRefreshExecutor-%d] DEBUG o.s.web.client.RestTemplate - Accept=[application/json, application/yaml, application/*+json]
2025-11-14 01:07:52 [DiscoveryClient-HeartbeatExecutor-%d] DEBUG o.s.web.client.RestTemplate - Response 200 OK
2025-11-14 01:07:52 [DiscoveryClient-CacheRefreshExecutor-%d] DEBUG o.s.web.client.RestTemplate - Response 200 OK
2025-11-14 01:07:52 [DiscoveryClient-CacheRefreshExecutor-%d] DEBUG o.s.web.client.RestTemplate - Reading to [org.springframework.cloud.netflix.eureka.http.EurekaApplications]
2025-11-14 01:07:54 [http-nio-8083-exec-8] DEBUG o.s.web.servlet.DispatcherServlet - GET "/services/11", parameters={}
2025-11-14 01:07:54 [http-nio-8083-exec-8] DEBUG o.s.w.s.m.m.a.RequestMappingHandlerMapping - Mapped to org.example.cuidadodemascotas.servicemicroservice.apis.controller.ServiceController#getServiceById(Long)
2025-11-14 01:07:54 [http-nio-8083-exec-8] INFO  o.e.c.s.a.c.ServiceController - GET /services/11
2025-11-14 01:07:54 [http-nio-8083-exec-8] DEBUG o.e.c.s.apis.service.ServiceService - Finding service by id: 11
2025-11-14 01:07:54 [http-nio-8083-exec-8] DEBUG o.e.c.s.a.s.AbstractBaseService - Finding Service by id: 11
2025-11-14 01:07:54 [http-nio-8083-exec-8] DEBUG org.hibernate.SQL - 
    select
        s1_0.id_service,
        s1_0.active,
        s1_0.fk_carer,
        s1_0.created_at,
        s1_0.description,
        s1_0.price,
        s1_0.fk_service_type,
        s1_0.updated_at 
    from
        public.services s1_0 
    where
        s1_0.id_service=? 
        and s1_0.active
2025-11-14 01:07:54 [http-nio-8083-exec-8] DEBUG o.s.w.s.m.m.a.ExceptionHandlerExceptionResolver - Using @ExceptionHandler org.example.cuidadodemascotas.servicemicroservice.exception.GlobalExceptionHandler#handleNotFoundException(NotFoundException, WebRequest)
2025-11-14 01:07:54 [http-nio-8083-exec-8] ERROR o.e.c.s.e.GlobalExceptionHandler - NotFoundException: Service no encontrado con id: 11
2025-11-14 01:07:54 [http-nio-8083-exec-8] DEBUG o.s.w.s.m.m.a.HttpEntityMethodProcessor - Using 'application/json', given [*/*] and supported [application/json, application/*+json, application/yaml]
2025-11-14 01:07:54 [http-nio-8083-exec-8] DEBUG o.s.w.s.m.m.a.HttpEntityMethodProcessor - Writing [ApiError(timestamp=2025-11-14T01:07:54.283413300, status=404, error=Not Found, message=Service no en (truncated)...]
2025-11-14 01:07:54 [http-nio-8083-exec-8] WARN  o.s.w.s.m.m.a.ExceptionHandlerExceptionResolver - Resolved [org.example.cuidadodemascotas.servicemicroservice.exception.NotFoundException: Service no encontrado con id: 11]
2025-11-14 01:07:54 [http-nio-8083-exec-8] DEBUG o.s.web.servlet.DispatcherServlet - Completed 404 NOT_FOUND
2025-11-14 01:08:22 [DiscoveryClient-HeartbeatExecutor-%d] DEBUG o.s.web.client.RestTemplate - HTTP PUT http://localhost:8761/eureka/apps/APIREST-SERVICES/apirest-services:8083?status=UP&lastDirtyTimestamp=1763092822214
2025-11-14 01:08:22 [DiscoveryClient-HeartbeatExecutor-%d] DEBUG o.s.web.client.RestTemplate - Accept=[application/json, application/yaml, application/*+json]
2025-11-14 01:08:22 [DiscoveryClient-CacheRefreshExecutor-%d] DEBUG o.s.web.client.RestTemplate - HTTP GET http://localhost:8761/eureka/apps/delta
2025-11-14 01:08:22 [DiscoveryClient-CacheRefreshExecutor-%d] DEBUG o.s.web.client.RestTemplate - Accept=[application/json, application/yaml, application/*+json]
2025-11-14 01:08:22 [DiscoveryClient-HeartbeatExecutor-%d] DEBUG o.s.web.client.RestTemplate - Response 200 OK
2025-11-14 01:08:22 [DiscoveryClient-CacheRefreshExecutor-%d] DEBUG o.s.web.client.RestTemplate - Response 200 OK
2025-11-14 01:08:22 [DiscoveryClient-CacheRefreshExecutor-%d] DEBUG o.s.web.client.RestTemplate - Reading to [org.springframework.cloud.netflix.eureka.http.EurekaApplications]
2025-11-14 01:08:52 [DiscoveryClient-HeartbeatExecutor-%d] DEBUG o.s.web.client.RestTemplate - HTTP PUT http://localhost:8761/eureka/apps/APIREST-SERVICES/apirest-services:8083?status=UP&lastDirtyTimestamp=1763092822214
2025-11-14 01:08:52 [DiscoveryClient-HeartbeatExecutor-%d] DEBUG o.s.web.client.RestTemplate - Accept=[application/json, application/yaml, application/*+json]
2025-11-14 01:08:52 [DiscoveryClient-CacheRefreshExecutor-%d] DEBUG o.s.web.client.RestTemplate - HTTP GET http://localhost:8761/eureka/apps/delta
2025-11-14 01:08:52 [DiscoveryClient-CacheRefreshExecutor-%d] DEBUG o.s.web.client.RestTemplate - Accept=[application/json, application/yaml, application/*+json]
2025-11-14 01:08:52 [DiscoveryClient-CacheRefreshExecutor-%d] DEBUG o.s.web.client.RestTemplate - Response 200 OK
2025-11-14 01:08:52 [DiscoveryClient-CacheRefreshExecutor-%d] DEBUG o.s.web.client.RestTemplate - Reading to [org.springframework.cloud.netflix.eureka.http.EurekaApplications]
2025-11-14 01:08:52 [DiscoveryClient-HeartbeatExecutor-%d] DEBUG o.s.web.client.RestTemplate - Response 200 OK
2025-11-14 01:09:22 [DiscoveryClient-CacheRefreshExecutor-%d] DEBUG o.s.web.client.RestTemplate - HTTP GET http://localhost:8761/eureka/apps/delta
2025-11-14 01:09:22 [DiscoveryClient-HeartbeatExecutor-%d] DEBUG o.s.web.client.RestTemplate - HTTP PUT http://localhost:8761/eureka/apps/APIREST-SERVICES/apirest-services:8083?status=UP&lastDirtyTimestamp=1763092822214
2025-11-14 01:09:22 [DiscoveryClient-HeartbeatExecutor-%d] DEBUG o.s.web.client.RestTemplate - Accept=[application/json, application/yaml, application/*+json]
2025-11-14 01:09:22 [DiscoveryClient-CacheRefreshExecutor-%d] DEBUG o.s.web.client.RestTemplate - Accept=[application/json, application/yaml, application/*+json]
2025-11-14 01:09:22 [DiscoveryClient-CacheRefreshExecutor-%d] DEBUG o.s.web.client.RestTemplate - Response 200 OK
2025-11-14 01:09:22 [DiscoveryClient-HeartbeatExecutor-%d] DEBUG o.s.web.client.RestTemplate - Response 200 OK
2025-11-14 01:09:22 [DiscoveryClient-CacheRefreshExecutor-%d] DEBUG o.s.web.client.RestTemplate - Reading to [org.springframework.cloud.netflix.eureka.http.EurekaApplications]
2025-11-14 01:09:35 [SpringApplicationShutdownHook] INFO  o.s.c.n.e.s.EurekaServiceRegistry - Unregistering application APIREST-SERVICES with eureka with status DOWN
2025-11-14 01:09:35 [SpringApplicationShutdownHook] INFO  c.netflix.discovery.DiscoveryClient - Saw local status change event StatusChangeEvent [timestamp=1763093375805, current=DOWN, previous=UP]
2025-11-14 01:09:35 [SpringApplicationShutdownHook] DEBUG o.s.d.r.l.RedisMessageListenerContainer - Stopped RedisMessageListenerContainer
2025-11-14 01:09:35 [SpringApplicationShutdownHook] INFO  o.s.b.w.e.tomcat.GracefulShutdown - Commencing graceful shutdown. Waiting for active requests to complete
2025-11-14 01:09:35 [tomcat-shutdown] INFO  o.s.b.w.e.tomcat.GracefulShutdown - Graceful shutdown complete
2025-11-14 01:09:35 [SpringApplicationShutdownHook] INFO  o.s.o.j.LocalContainerEntityManagerFactoryBean - Closing JPA EntityManagerFactory for persistence unit 'default'
2025-11-14 01:09:35 [SpringApplicationShutdownHook] INFO  com.zaxxer.hikari.HikariDataSource - HikariPool-1 - Shutdown initiated...
2025-11-14 01:09:35 [boundedElastic-1] WARN  o.s.b.a.d.r.RedisReactiveHealthIndicator - Redis health check failed
java.lang.IllegalStateException: LettuceConnectionFactory was destroyed and cannot be used anymore
	at org.springframework.data.redis.connection.lettuce.LettuceConnectionFactory.assertStarted(LettuceConnectionFactory.java:1459)
	at org.springframework.data.redis.connection.lettuce.LettuceConnectionFactory.getReactiveConnection(LettuceConnectionFactory.java:1150)
	at org.springframework.data.redis.connection.lettuce.LettuceConnectionFactory.getReactiveConnection(LettuceConnectionFactory.java:121)
	at reactor.core.publisher.MonoSupplier.call(MonoSupplier.java:67)
	at reactor.core.publisher.FluxSubscribeOnCallable$CallableSubscribeOnSubscription.run(FluxSubscribeOnCallable.java:228)
	at reactor.core.scheduler.SchedulerTask.call(SchedulerTask.java:68)
	at reactor.core.scheduler.SchedulerTask.call(SchedulerTask.java:28)
	at java.base/java.util.concurrent.FutureTask.run(FutureTask.java:317)
	at java.base/java.util.concurrent.ScheduledThreadPoolExecutor$ScheduledFutureTask.run(ScheduledThreadPoolExecutor.java:304)
	at java.base/java.util.concurrent.ThreadPoolExecutor.runWorker(ThreadPoolExecutor.java:1144)
	at java.base/java.util.concurrent.ThreadPoolExecutor$Worker.run(ThreadPoolExecutor.java:642)
	at java.base/java.lang.Thread.run(Thread.java:1583)
2025-11-14 01:09:35 [DiscoveryClient-InstanceInfoReplicator-%d] INFO  c.netflix.discovery.DiscoveryClient - DiscoveryClient_APIREST-SERVICES/apirest-services:8083: registering service...
2025-11-14 01:09:35 [DiscoveryClient-InstanceInfoReplicator-%d] DEBUG o.s.web.client.RestTemplate - HTTP POST http://localhost:8761/eureka/apps/APIREST-SERVICES
2025-11-14 01:09:35 [DiscoveryClient-InstanceInfoReplicator-%d] DEBUG o.s.web.client.RestTemplate - Accept=[application/json, application/yaml, application/*+json]
2025-11-14 01:09:35 [DiscoveryClient-InstanceInfoReplicator-%d] DEBUG o.s.web.client.RestTemplate - Writing [InstanceInfo [instanceId = apirest-services:8083, appName = APIREST-SERVICES, hostName = 127.0.0.1, status = DOWN, ipAddr = 127.0.0.1, port = 8083, securePort = 443, dataCenterInfo = com.netflix.appinfo.MyDataCenterInfo@24f18729] as "application/json"
2025-11-14 01:09:35 [DiscoveryClient-InstanceInfoReplicator-%d] DEBUG o.s.web.client.RestTemplate - Response 204 NO_CONTENT
2025-11-14 01:09:35 [DiscoveryClient-InstanceInfoReplicator-%d] INFO  c.netflix.discovery.DiscoveryClient - DiscoveryClient_APIREST-SERVICES/apirest-services:8083 - registration status: 204
2025-11-14 01:09:35 [SpringApplicationShutdownHook] INFO  com.zaxxer.hikari.HikariDataSource - HikariPool-1 - Shutdown completed.
2025-11-14 01:09:35 [SpringApplicationShutdownHook] INFO  c.netflix.discovery.DiscoveryClient - Shutting down DiscoveryClient ...
2025-11-14 01:09:38 [SpringApplicationShutdownHook] INFO  c.netflix.discovery.DiscoveryClient - Unregistering ...
2025-11-14 01:09:38 [SpringApplicationShutdownHook] DEBUG o.s.web.client.RestTemplate - HTTP DELETE http://localhost:8761/eureka/apps/APIREST-SERVICES/apirest-services:8083
2025-11-14 01:09:38 [SpringApplicationShutdownHook] DEBUG o.s.web.client.RestTemplate - Accept=[application/json, application/yaml, application/*+json]
2025-11-14 01:09:38 [SpringApplicationShutdownHook] DEBUG o.s.web.client.RestTemplate - Response 200 OK
2025-11-14 01:09:38 [SpringApplicationShutdownHook] INFO  c.netflix.discovery.DiscoveryClient - DiscoveryClient_APIREST-SERVICES/apirest-services:8083 - deregister  status: 200
2025-11-14 01:09:38 [SpringApplicationShutdownHook] INFO  c.netflix.discovery.DiscoveryClient - Completed shut down of DiscoveryClient
